datetime,temperature,humidity,wind_speed,pressure,cloud_cover,precipitation
2026-03-01T00:00,21.2,94,6.9,1008.6,99,0.0
2026-03-01T01:00,21.0,95,5.6,1009.2,97,0.0
2026-03-01T02:00,20.8,96,5.5,1009.7,95,0.0
2026-03-01T03:00,20.9,93,4.5,1010.4,22,0.0
2026-03-01T04:00,22.5,82,5.1,1011.5,16,0.0
2026-03-01T05:00,24.4,68,5.6,1011.8,16,0.0
2026-03-01T06:00,26.2,60,6.4,1011.7,9,0.0
2026-03-01T07:00,27.2,56,10.4,1011.2,1,0.0
2026-03-01T08:00,27.2,58,13.1,1010.5,2,0.0
2026-03-01T09:00,27.2,56,13.4,1009.7,0,0.0
2026-03-01T10:00,27.0,56,13.2,1009.1,0,0.0
2026-03-01T11:00,26.5,57,12.6,1008.9,0,0.0
2026-03-01T12:00,25.6,61,11.8,1008.7,0,0.0
2026-03-01T13:00,24.5,69,10.5,1009.1,0,0.0
2026-03-01T14:00,23.4,77,8.8,1009.5,0,0.0
2026-03-01T15:00,22.9,81,7.9,1010.1,0,0.0
2026-03-01T16:00,22.6,83,7.3,1010.7,0,0.0
2026-03-01T17:00,22.2,85,6.2,1011.3,0,0.0
2026-03-01T18:00,22.0,87,5.7,1011.4,0,0.0
2026-03-01T19:00,21.8,88,5.1,1011.6,0,0.0
2026-03-01T20:00,21.3,90,4.7,1011.4,5,0.0
2026-03-01T21:00,20.8,93,4.6,1011.1,20,0.0
2026-03-01T22:00,20.5,96,4.8,1010.9,22,0.0
2026-03-01T23:00,20.3,96,5.5,1010.9,52,0.0
2026-03-02T00:00,20.6,96,6.6,1011.0,99,0.0
2026-03-02T01:00,20.5,98,6.3,1011.3,98,0.0
2026-03-02T02:00,20.2,99,6.0,1011.8,100,0.0
2026-03-02T03:00,20.3,99,5.9,1012.4,100,0.0
2026-03-02T04:00,22.2,87,7.9,1013.1,34,0.0
2026-03-02T05:00,24.8,72,5.6,1013.4,15,0.0
2026-03-02T06:00,27.2,57,5.8,1013.6,0,0.0
2026-03-02T07:00,29.0,47,7.0,1013.0,0,0.0
2026-03-02T08:00,29.2,51,10.5,1012.2,0,0.0
2026-03-02T09:00,28.4,58,14.1,1011.5,0,0.0
2026-03-02T10:00,27.8,57,14.3,1011.0,0,0.0
2026-03-02T11:00,27.1,59,12.1,1010.6,0,0.0
2026-03-02T12:00,25.8,68,10.9,1010.7,0,0.0
2026-03-02T13:00,24.8,74,10.1,1011.1,0,0.0
2026-03-02T14:00,23.7,81,8.8,1011.6,0,0.0
2026-03-02T15:00,23.2,85,8.8,1012.4,0,0.0
2026-03-02T16:00,23.0,87,7.2,1013.3,0,0.0
2026-03-02T17:00,22.5,89,7.1,1013.8,0,0.0
2026-03-02T18:00,22.4,92,6.7,1014.0,5,0.0
2026-03-02T19:00,22.0,93,6.0,1013.9,10,0.0
2026-03-02T20:00,21.6,95,5.9,1013.5,16,0.0
2026-03-02T21:00,21.2,97,7.5,1013.1,57,0.0
2026-03-02T22:00,20.9,98,7.3,1012.7,100,0.0
2026-03-02T23:00,21.0,99,10.1,1012.4,100,0.0
2026-03-03T00:00,21.1,98,8.4,1012.5,31,0.0
2026-03-03T01:00,20.4,98,7.3,1012.6,68,0.0
2026-03-03T02:00,19.7,99,7.1,1013.1,95,0.0
2026-03-03T03:00,20.3,94,5.8,1013.8,13,0.0
2026-03-03T04:00,22.3,79,3.7,1014.4,1,0.0
2026-03-03T05:00,25.3,59,3.3,1014.8,2,0.0
2026-03-03T06:00,28.5,43,2.5,1014.7,0,0.0
2026-03-03T07:00,30.3,34,6.3,1014.3,0,0.0
2026-03-03T08:00,30.3,35,10.3,1013.6,0,0.0
2026-03-03T09:00,30.1,34,11.2,1012.7,0,0.0
2026-03-03T10:00,29.7,36,11.4,1011.9,0,0.0
2026-03-03T11:00,28.6,46,11.4,1011.4,0,0.0
2026-03-03T12:00,27.1,56,10.7,1011.8,0,0.0
2026-03-03T13:00,25.8,65,8.9,1012.2,0,0.0
2026-03-03T14:00,24.1,78,8.2,1012.7,0,0.0
2026-03-03T15:00,23.2,85,7.0,1013.4,0,0.0
2026-03-03T16:00,22.6,87,6.5,1014.0,0,0.0
2026-03-03T17:00,22.0,91,8.1,1014.4,0,0.0
2026-03-03T18:00,21.5,96,9.1,1014.4,0,0.0
2026-03-03T19:00,21.3,97,10.6,1014.2,61,0.0
2026-03-03T20:00,21.0,98,9.5,1013.9,100,0.0
2026-03-03T21:00,20.8,98,10.1,1013.5,100,0.0
2026-03-03T22:00,20.9,95,8.4,1013.0,33,0.0
2026-03-03T23:00,20.5,96,7.3,1012.8,10,0.0
2026-03-04T00:00,20.2,98,7.2,1012.7,93,0.0
2026-03-04T01:00,20.1,95,6.0,1013.5,99,0.0
2026-03-04T02:00,19.9,97,5.2,1014.1,96,0.0
2026-03-04T03:00,20.3,95,6.0,1015.0,43,0.0
2026-03-04T04:00,22.1,83,7.6,1015.7,39,0.0
2026-03-04T05:00,24.0,71,5.4,1016.1,12,0.0
2026-03-04T06:00,26.2,53,7.3,1016.0,0,0.0
2026-03-04T07:00,27.5,47,10.5,1015.6,0,0.0
2026-03-04T08:00,27.9,47,11.5,1014.9,0,0.0
2026-03-04T09:00,28.0,43,12.3,1014.0,0,0.0
2026-03-04T10:00,27.7,43,12.7,1013.4,0,0.0
2026-03-04T11:00,27.0,45,12.6,1012.8,0,0.0
2026-03-04T12:00,25.5,60,12.8,1012.7,0,0.0
2026-03-04T13:00,24.2,70,12.1,1013.1,0,0.0
2026-03-04T14:00,23.1,76,11.3,1013.6,0,0.0
2026-03-04T15:00,22.7,75,11.1,1014.3,0,0.0
2026-03-04T16:00,22.3,77,9.2,1014.9,0,0.0
2026-03-04T17:00,21.8,80,8.2,1015.0,0,0.0
2026-03-04T18:00,21.4,84,8.7,1015.0,0,0.0
2026-03-04T19:00,21.3,85,8.7,1014.7,0,0.0
2026-03-04T20:00,21.0,88,8.7,1014.3,0,0.0
2026-03-04T21:00,20.8,88,9.2,1013.8,0,0.0
2026-03-04T22:00,20.7,88,9.6,1013.3,0,0.0
2026-03-04T23:00,20.6,90,10.0,1013.0,0,0.0
2026-03-05T00:00,20.9,93,11.0,1012.7,0,0.0
2026-03-05T01:00,21.0,93,10.6,1013.2,0,0.0
2026-03-05T02:00,20.9,91,10.4,1013.5,0,0.0
2026-03-05T03:00,21.8,86,9.6,1014.1,0,0.0
2026-03-05T04:00,24.0,73,12.6,1014.5,0,0.0
2026-03-05T05:00,25.9,61,14.5,1014.9,0,0.0
2026-03-05T06:00,26.6,58,16.3,1015.0,4,0.0
2026-03-05T07:00,27.4,54,16.4,1014.8,1,0.0
2026-03-05T08:00,27.9,50,16.9,1013.9,0,0.0
2026-03-05T09:00,28.0,46,17.1,1012.9,0,0.0
2026-03-05T10:00,27.5,47,17.1,1012.0,0,0.0
2026-03-05T11:00,26.6,53,16.7,1011.3,0,0.0
2026-03-05T12:00,25.5,61,16.6,1011.1,0,0.0
2026-03-05T13:00,24.5,68,16.0,1011.3,0,0.0
2026-03-05T14:00,23.7,76,14.1,1011.5,0,0.0
2026-03-05T15:00,23.3,82,11.8,1011.7,0,0.0
2026-03-05T16:00,23.0,86,11.9,1012.3,0,0.0
2026-03-05T17:00,22.8,87,11.5,1012.4,0,0.0
2026-03-05T18:00,22.7,87,12.1,1012.5,0,0.0
2026-03-05T19:00,22.7,89,12.6,1011.8,0,0.0
2026-03-05T20:00,22.6,90,13.0,1011.3,0,0.0
2026-03-05T21:00,22.5,90,13.5,1010.9,2,0.0
2026-03-05T22:00,22.4,92,13.7,1010.2,32,0.0
2026-03-05T23:00,22.5,91,14.3,1010.0,36,0.0
2026-03-06T00:00,22.5,90,14.9,1009.7,51,0.0
2026-03-06T01:00,22.7,90,14.4,1009.9,36,0.0
2026-03-06T02:00,22.5,92,13.3,1010.3,30,0.0
2026-03-06T03:00,23.4,86,14.1,1011.0,21,0.0
2026-03-06T04:00,25.0,76,14.5,1011.5,22,0.0
2026-03-06T05:00,26.4,69,15.3,1011.9,11,0.0
2026-03-06T06:00,27.8,62,15.1,1012.0,5,0.0
2026-03-06T07:00,28.6,58,15.8,1011.7,2,0.0
2026-03-06T08:00,29.0,58,16.0,1010.9,0,0.0
2026-03-06T09:00,29.0,58,16.2,1009.9,0,0.0
2026-03-06T10:00,28.8,60,15.4,1009.2,0,0.0
2026-03-06T11:00,28.1,63,14.3,1008.6,0,0.0
2026-03-06T12:00,27.2,71,13.1,1008.3,0,0.0
2026-03-06T13:00,25.9,76,12.4,1008.6,0,0.0
2026-03-06T14:00,24.8,82,10.9,1009.0,0,0.0
2026-03-06T15:00,24.1,88,9.5,1009.5,0,0.0
2026-03-06T16:00,23.8,90,9.0,1009.8,0,0.0
2026-03-06T17:00,23.5,90,8.6,1010.0,0,0.0
2026-03-06T18:00,23.4,91,8.6,1009.9,0,0.0
2026-03-06T19:00,23.2,92,8.7,1009.8,0,0.0
2026-03-06T20:00,23.1,92,7.9,1009.6,0,0.0
2026-03-06T21:00,23.0,93,7.2,1009.2,0,0.0
2026-03-06T22:00,22.7,93,7.5,1008.8,0,0.0
2026-03-06T23:00,22.7,92,7.9,1008.7,0,0.0
2026-03-07T00:00,22.5,93,7.4,1008.6,0,0.0
2026-03-07T01:00,22.5,94,7.1,1008.9,0,0.0
2026-03-07T02:00,22.1,95,5.9,1009.7,0,0.0
2026-03-07T03:00,23.2,94,6.6,1010.3,0,0.0
2026-03-07T04:00,24.8,85,6.0,1010.8,32,0.0
2026-03-07T05:00,26.5,76,5.0,1011.3,11,0.0
2026-03-07T06:00,27.9,68,8.1,1011.7,10,0.0
2026-03-07T07:00,28.8,64,10.4,1011.2,2,0.0
2026-03-07T08:00,29.5,60,11.3,1010.4,1,0.0
2026-03-07T09:00,29.8,58,12.2,1009.6,0,0.0
2026-03-07T10:00,29.5,58,12.6,1009.0,0,0.0
2026-03-07T11:00,28.8,61,12.2,1008.7,0,0.0
2026-03-07T12:00,27.5,68,11.3,1009.1,0,0.0
2026-03-07T13:00,26.1,74,10.3,1009.5,0,0.0
2026-03-07T14:00,24.9,82,8.3,1010.0,0,0.0
2026-03-07T15:00,24.2,88,7.1,1010.6,0,0.0
2026-03-07T16:00,23.9,91,5.9,1011.6,0,0.0
2026-03-07T17:00,23.6,92,5.9,1011.9,0,0.0
2026-03-07T18:00,23.3,96,6.3,1012.0,11,0.0
2026-03-07T19:00,23.1,96,5.8,1012.0,25,0.0
2026-03-07T20:00,22.8,98,4.9,1011.5,100,0.0
2026-03-07T21:00,22.5,99,4.5,1011.1,100,0.0
2026-03-07T22:00,22.4,99,4.5,1010.8,100,0.0
2026-03-07T23:00,22.1,99,4.6,1010.3,100,0.0
2026-03-08T00:00,21.4,99,2.9,1010.5,100,0.0
2026-03-08T01:00,21.2,99,2.1,1010.8,100,0.0
2026-03-08T02:00,21.1,99,2.0,1011.4,100,0.0
2026-03-08T03:00,21.4,98,2.8,1012.3,100,0.0
2026-03-08T04:00,22.5,89,4.3,1013.0,92,0.0
2026-03-08T05:00,24.8,76,3.6,1013.4,3,0.0
2026-03-08T06:00,26.4,70,6.5,1013.6,3,0.0
2026-03-08T07:00,27.5,65,8.8,1013.2,1,0.0
2026-03-08T08:00,28.0,64,9.8,1012.3,0,0.0
2026-03-08T09:00,28.6,59,10.3,1011.4,0,0.0
2026-03-08T10:00,28.6,58,11.1,1010.7,0,0.0
2026-03-08T11:00,28.1,59,11.1,1010.3,0,0.0
2026-03-08T12:00,27.1,63,9.6,1010.4,0,0.0
2026-03-08T13:00,25.7,75,8.6,1010.9,0,0.0
2026-03-08T14:00,24.4,86,7.9,1011.6,2,0.0
2026-03-08T15:00,23.8,91,6.9,1012.2,14,0.0
2026-03-08T16:00,23.5,92,6.5,1012.9,23,0.0
2026-03-08T17:00,23.1,93,5.6,1012.9,3,0.0
2026-03-08T18:00,22.5,98,4.8,1013.0,98,0.0
2026-03-08T19:00,22.4,98,4.3,1013.2,100,0.0
2026-03-08T20:00,22.1,97,4.6,1012.7,100,0.0
2026-03-08T21:00,21.8,99,5.2,1012.1,100,0.0
2026-03-08T22:00,21.6,99,6.1,1011.6,100,0.0
2026-03-08T23:00,21.5,99,6.3,1011.5,100,0.0
2026-03-09T00:00,21.3,99,6.6,1011.5,100,0.0
2026-03-09T01:00,21.4,97,5.2,1012.0,76,0.0
2026-03-09T02:00,21.1,98,3.7,1012.2,45,0.0
2026-03-09T03:00,21.5,95,3.3,1012.8,49,0.0
2026-03-09T04:00,23.2,82,3.9,1013.4,3,0.0
2026-03-09T05:00,25.8,66,4.2,1013.6,0,0.0
2026-03-09T06:00,28.5,52,6.0,1013.7,0,0.0
2026-03-09T07:00,30.5,42,7.3,1013.4,0,0.0
2026-03-09T08:00,31.6,37,9.7,1012.7,0,0.0
2026-03-09T09:00,31.9,34,11.3,1011.8,0,0.0
2026-03-09T10:00,31.6,34,11.4,1011.3,0,0.0
2026-03-09T11:00,31.0,36,10.9,1011.0,0,0.0
2026-03-09T12:00,30.0,42,9.6,1010.5,0,0.0
2026-03-09T13:00,28.0,55,8.3,1011.1,0,0.0
2026-03-09T14:00,25.8,70,6.9,1011.6,0,0.0
2026-03-09T15:00,24.6,81,6.2,1012.1,0,0.0
2026-03-09T16:00,24.1,86,5.3,1012.7,0,0.0
2026-03-09T17:00,23.7,89,5.8,1013.1,0,0.0
2026-03-09T18:00,23.2,94,7.0,1013.4,3,0.0
2026-03-09T19:00,22.7,97,7.7,1013.4,59,0.0
2026-03-09T20:00,22.4,98,7.2,1013.3,98,0.0
2026-03-09T21:00,22.1,98,7.3,1012.8,100,0.0
2026-03-09T22:00,22.0,99,7.1,1012.6,100,0.0
2026-03-09T23:00,21.8,98,8.6,1012.9,100,0.0
2026-03-10T00:00,22.0,98,8.4,1012.9,100,0.0
2026-03-10T01:00,21.6,99,5.9,1013.5,100,0.0
2026-03-10T02:00,21.5,99,5.5,1013.9,100,0.0
2026-03-10T03:00,21.7,98,5.4,1014.4,100,0.0
2026-03-10T04:00,22.8,90,5.9,1015.1,29,0.0
2026-03-10T05:00,26.0,68,6.3,1015.6,2,0.0
2026-03-10T06:00,29.2,48,8.3,1015.5,0,0.0
2026-03-10T07:00,31.2,35,10.7,1015.0,0,0.0
2026-03-10T08:00,32.3,24,12.3,1014.3,0,0.0
2026-03-10T09:00,32.6,19,12.6,1013.5,0,0.0
2026-03-10T10:00,32.0,21,13.1,1012.9,0,0.0
2026-03-10T11:00,30.9,26,12.2,1012.2,0,0.0
2026-03-10T12:00,29.6,36,10.8,1011.7,0,0.0
2026-03-10T13:00,27.5,53,9.1,1012.0,0,0.0
2026-03-10T14:00,25.3,73,7.3,1012.6,0,0.0
2026-03-10T15:00,24.2,81,6.7,1013.1,0,0.0
2026-03-10T16:00,23.7,87,6.6,1013.5,0,0.0
2026-03-10T17:00,23.0,92,7.4,1013.6,0,0.0
2026-03-10T18:00,22.7,95,7.8,1013.8,14,0.0
2026-03-10T19:00,22.6,96,6.8,1013.7,7,0.0
2026-03-10T20:00,22.4,96,6.5,1013.5,21,0.0
2026-03-10T21:00,22.0,96,6.9,1013.1,29,0.0
2026-03-10T22:00,21.8,94,6.9,1013.0,32,0.0
2026-03-10T23:00,21.0,95,5.5,1012.8,28,0.0
2026-03-11T00:00,21.2,95,7.3,1012.7,14,0.0
2026-03-11T01:00,20.8,96,6.2,1013.1,27,0.0
2026-03-11T02:00,20.2,97,4.4,1013.5,34,0.0
2026-03-11T03:00,21.7,95,6.2,1014.3,35,0.0
2026-03-11T04:00,23.9,87,5.7,1015.0,0,0.0
2026-03-11T05:00,26.7,68,8.8,1015.3,3,0.0
2026-03-11T06:00,28.4,61,11.7,1015.2,3,0.0
2026-03-11T07:00,29.2,58,12.8,1014.7,56,0.0
2026-03-11T08:00,29.6,58,13.3,1013.7,84,0.0
2026-03-11T09:00,29.9,58,13.3,1012.4,98,0.0
2026-03-11T10:00,29.5,59,14.2,1011.7,59,0.0
2026-03-11T11:00,28.9,62,13.1,1011.2,68,0.0
2026-03-11T12:00,27.8,71,12.2,1010.9,38,0.0
2026-03-11T13:00,26.6,78,11.0,1011.1,97,0.0
2026-03-11T14:00,25.6,84,9.0,1011.7,99,0.0
2026-03-11T15:00,25.1,85,9.3,1011.8,100,0.0
2026-03-11T16:00,24.9,83,8.6,1012.0,93,0.0
2026-03-11T17:00,24.5,80,7.0,1012.0,91,0.0
2026-03-11T18:00,24.2,80,6.4,1012.0,94,0.0
2026-03-11T19:00,24.1,79,6.8,1011.4,100,0.0
2026-03-11T20:00,24.1,78,8.1,1011.3,95,0.0
2026-03-11T21:00,24.1,78,8.7,1010.6,100,0.0
2026-03-11T22:00,23.9,80,8.8,1010.3,99,0.0
2026-03-11T23:00,23.5,82,7.8,1010.0,94,0.0
2026-03-12T00:00,23.0,90,7.4,1009.9,100,0.0
2026-03-12T01:00,22.5,93,9.5,1010.3,97,0.0
2026-03-12T02:00,22.6,86,10.2,1010.8,100,0.0
2026-03-12T03:00,23.8,67,10.6,1011.1,100,0.0
2026-03-12T04:00,26.2,39,10.9,1011.7,100,0.0
2026-03-12T05:00,28.9,26,11.8,1011.8,100,0.0
2026-03-12T06:00,31.8,26,9.2,1011.6,48,0.0
2026-03-12T07:00,34.0,22,8.9,1010.9,0,0.0
2026-03-12T08:00,35.0,19,11.2,1010.0,0,0.0
2026-03-12T09:00,35.2,18,13.9,1008.9,0,0.0
2026-03-12T10:00,34.3,22,15.1,1008.3,0,0.0
2026-03-12T11:00,33.2,24,13.9,1007.8,0,0.0
2026-03-12T12:00,33.0,21,12.9,1007.9,0,0.0
2026-03-12T13:00,30.5,31,11.7,1008.0,0,0.0
2026-03-12T14:00,28.0,44,9.7,1008.5,9,0.0
2026-03-12T15:00,26.9,51,8.9,1008.9,100,0.0
2026-03-12T16:00,26.3,56,11.9,1009.5,95,0.0
2026-03-12T17:00,26.0,54,10.1,1009.8,2,0.0
2026-03-12T18:00,25.7,58,9.2,1010.0,0,0.0
2026-03-12T19:00,25.6,61,10.2,1009.4,0,0.0
2026-03-12T20:00,25.4,63,11.4,1009.3,11,0.0
2026-03-12T21:00,24.9,67,10.6,1008.6,3,0.0
2026-03-12T22:00,24.2,67,8.8,1008.1,9,0.0
2026-03-12T23:00,23.5,66,6.6,1007.7,0,0.0
2026-03-13T00:00,22.2,77,5.8,1007.7,0,0.0
2026-03-13T01:00,22.0,76,7.4,1008.0,0,0.0
2026-03-13T02:00,21.8,70,7.0,1008.6,0,0.0
2026-03-13T03:00,22.9,59,5.6,1009.2,0,0.0
2026-03-13T04:00,25.8,43,3.6,1009.9,0,0.0
2026-03-13T05:00,29.1,31,1.9,1010.0,0,0.0
2026-03-13T06:00,30.8,30,5.1,1010.1,0,0.0
2026-03-13T07:00,31.5,33,10.5,1009.6,0,0.0
2026-03-13T08:00,32.5,26,12.0,1009.0,0,0.0
2026-03-13T09:00,33.6,14,13.6,1007.8,0,0.0
2026-03-13T10:00,32.8,15,15.0,1007.3,0,0.0
2026-03-13T11:00,31.4,21,14.2,1006.8,0,0.0
2026-03-13T12:00,30.1,27,13.7,1006.9,2,0.0
2026-03-13T13:00,27.9,43,11.3,1007.3,0,0.0
2026-03-13T14:00,26.0,62,9.6,1007.7,2,0.0
2026-03-13T15:00,25.4,67,8.6,1008.2,4,0.0
2026-03-13T16:00,25.2,64,10.8,1008.7,0,0.0
2026-03-13T17:00,25.2,57,10.3,1009.0,0,0.0
2026-03-13T18:00,24.9,66,10.7,1009.2,0,0.0
2026-03-13T19:00,24.8,70,10.7,1009.0,0,0.0
2026-03-13T20:00,24.6,74,10.9,1008.7,0,0.0
2026-03-13T21:00,24.6,71,11.4,1008.2,0,0.0
2026-03-13T22:00,24.7,64,14.1,1007.5,0,0.0
2026-03-13T23:00,24.5,63,14.2,1007.6,0,0.0
2026-03-14T00:00,23.9,71,11.5,1007.7,0,0.0
2026-03-14T01:00,23.3,75,9.4,1008.1,0,0.0
2026-03-14T02:00,22.6,79,8.2,1008.9,0,0.0
2026-03-14T03:00,23.4,75,6.2,1009.6,0,0.0
2026-03-14T04:00,26.4,56,4.0,1010.3,0,0.0
2026-03-14T05:00,29.9,32,5.7,1010.5,0,0.0
2026-03-14T06:00,31.5,29,9.9,1010.7,6,0.0
2026-03-14T07:00,32.7,24,13.8,1010.1,1,0.0
2026-03-14T08:00,32.0,30,16.9,1009.6,1,0.0
2026-03-14T09:00,31.8,35,16.9,1008.6,0,0.0
2026-03-14T10:00,31.4,37,15.9,1007.7,0,0.0
2026-03-14T11:00,30.6,40,14.9,1007.0,2,0.0
2026-03-14T12:00,29.2,46,13.3,1006.9,0,0.0
2026-03-14T13:00,27.6,55,12.1,1007.0,0,0.0
2026-03-14T14:00,26.2,65,11.2,1007.5,0,0.0
2026-03-14T15:00,25.8,69,11.0,1008.2,0,0.0
2026-03-14T16:00,25.6,68,12.3,1008.6,0,0.0
2026-03-14T17:00,25.6,67,11.5,1009.5,0,0.0
2026-03-14T18:00,25.5,68,9.5,1010.1,0,0.0
2026-03-14T19:00,25.6,67,12.5,1009.7,0,0.0
2026-03-14T20:00,25.4,69,12.8,1009.2,0,0.0
2026-03-14T21:00,25.2,69,11.7,1008.5,0,0.0
2026-03-14T22:00,25.0,67,10.6,1008.4,0,0.0
2026-03-14T23:00,24.4,72,9.1,1008.5,0,0.0
2026-03-15T00:00,24.0,78,9.1,1008.5,12,0.0
2026-03-15T01:00,23.2,82,7.7,1009.2,0,0.0
2026-03-15T02:00,22.4,87,7.5,1010.0,0,0.0
2026-03-15T03:00,23.4,80,7.4,1011.1,0,0.0
2026-03-15T04:00,26.9,57,5.9,1011.8,9,0.0
2026-03-15T05:00,31.1,30,8.1,1012.1,5,0.0
2026-03-15T06:00,33.5,16,11.8,1011.5,0,0.0
2026-03-15T07:00,34.7,11,13.4,1011.0,2,0.0
2026-03-15T08:00,35.2,10,12.7,1009.8,2,0.0
2026-03-15T09:00,35.2,12,14.1,1008.8,0,0.0
2026-03-15T10:00,34.8,12,15.7,1008.0,0,0.0
2026-03-15T11:00,34.3,12,15.0,1007.6,0,0.0
2026-03-15T12:00,32.5,17,14.6,1007.4,0,0.0
2026-03-15T13:00,29.9,30,12.4,1007.3,0,0.0
2026-03-15T14:00,27.8,41,10.8,1007.4,5,0.0
2026-03-15T15:00,27.1,44,13.7,1008.5,75,0.0
2026-03-15T16:00,26.8,45,14.8,1009.5,87,0.0
2026-03-15T17:00,26.6,46,14.4,1009.8,95,0.0
2026-03-15T18:00,26.1,50,12.8,1009.9,91,0.0
2026-03-15T19:00,25.4,56,12.9,1009.4,38,0.0
2026-03-15T20:00,25.1,60,13.3,1008.8,20,0.0
2026-03-15T21:00,25.0,61,12.7,1008.1,2,0.0
2026-03-15T22:00,24.2,67,10.4,1007.6,0,0.0
2026-03-15T23:00,23.6,73,9.4,1007.4,0,0.0
2026-03-16T00:00,23.2,78,11.2,1007.1,0,0.0
2026-03-16T01:00,23.2,78,11.0,1007.5,0,0.0
2026-03-16T02:00,23.1,77,10.5,1008.1,0,0.0
2026-03-16T03:00,24.4,67,9.1,1008.7,0,0.0
2026-03-16T04:00,27.3,46,7.9,1009.3,0,0.0
2026-03-16T05:00,30.7,21,11.0,1009.7,0,0.0
2026-03-16T06:00,32.8,15,10.4,1009.3,0,0.0
2026-03-16T07:00,34.0,13,11.2,1008.6,0,0.0
2026-03-16T08:00,34.6,12,12.8,1007.6,0,0.0
2026-03-16T09:00,34.8,12,14.2,1006.8,0,0.0
2026-03-16T10:00,34.2,14,15.3,1006.0,0,0.0
2026-03-16T11:00,32.6,23,15.4,1005.6,0,0.0
2026-03-16T12:00,30.9,31,14.3,1005.5,0,0.0
2026-03-16T13:00,28.6,46,13.8,1005.7,0,0.0
2026-03-16T14:00,27.2,51,13.5,1006.0,0,0.0
2026-03-16T15:00,26.5,56,11.9,1006.5,0,0.0
2026-03-16T16:00,26.3,58,12.0,1007.0,0,0.0
2026-03-16T17:00,26.0,61,11.1,1007.7,0,0.0
2026-03-16T18:00,25.4,63,9.3,1008.0,0,0.0
2026-03-16T19:00,25.0,65,8.8,1007.7,0,0.0
2026-03-16T20:00,24.5,69,7.7,1007.5,25,0.0
2026-03-16T21:00,24.0,75,7.8,1006.8,21,0.0
2026-03-16T22:00,23.8,78,9.1,1006.5,84,0.0
2026-03-16T23:00,23.4,83,9.2,1006.2,95,0.0
2026-03-17T00:00,23.4,86,10.2,1006.2,100,0.0
2026-03-17T01:00,23.3,88,9.9,1006.4,100,0.0
2026-03-17T02:00,23.3,87,8.0,1006.7,100,0.0
2026-03-17T03:00,24.4,81,5.8,1007.4,100,0.0
2026-03-17T04:00,26.4,67,6.7,1008.2,68,0.0
2026-03-17T05:00,28.2,55,7.7,1008.4,52,0.0
2026-03-17T06:00,28.9,54,8.8,1008.7,40,0.0
2026-03-17T07:00,28.9,59,12.8,1008.6,2,0.0
2026-03-17T08:00,28.8,59,14.2,1007.7,5,0.0
2026-03-17T09:00,28.6,58,14.5,1007.1,5,0.0
2026-03-17T10:00,28.2,61,14.8,1006.4,65,0.0
2026-03-17T11:00,28.0,63,13.2,1005.8,55,0.0
2026-03-17T12:00,27.4,65,12.2,1005.7,53,0.0
2026-03-17T13:00,26.5,71,11.4,1005.6,83,0.0
2026-03-17T14:00,25.6,80,8.6,1006.1,95,0.0
2026-03-17T15:00,25.4,86,8.8,1006.5,98,0.0
2026-03-17T16:00,25.2,88,8.0,1007.3,100,0.0
2026-03-17T17:00,25.0,89,7.5,1007.8,98,0.0
2026-03-17T18:00,25.0,91,6.7,1007.8,88,0.0
2026-03-17T19:00,24.8,92,7.0,1007.7,92,0.0
2026-03-17T20:00,24.5,93,5.8,1007.4,85,0.0
2026-03-17T21:00,24.1,95,3.1,1007.1,20,0.0
2026-03-17T22:00,23.7,97,2.6,1006.6,85,0.0
2026-03-17T23:00,23.4,98,4.3,1006.5,91,0.0
2026-03-18T00:00,23.0,98,5.4,1006.8,61,0.0
2026-03-18T01:00,23.0,97,5.6,1007.1,100,0.0
2026-03-18T02:00,23.0,96,6.4,1007.9,100,0.0
2026-03-18T03:00,23.7,91,7.8,1008.5,95,0.0
2026-03-18T04:00,25.4,80,3.1,1009.8,85,0.0
2026-03-18T05:00,27.0,72,7.9,1009.8,32,0.0
2026-03-18T06:00,28.0,65,9.6,1010.0,51,0.0
2026-03-18T07:00,28.5,64,7.8,1010.4,23,0.0
2026-03-18T08:00,28.9,58,3.9,1009.9,69,0.2
2026-03-18T09:00,29.6,53,5.5,1008.7,39,0.0
2026-03-18T10:00,29.6,54,12.7,1007.5,88,0.0
2026-03-18T11:00,28.7,56,11.2,1006.9,49,0.0
2026-03-18T12:00,27.5,72,15.9,1006.4,95,0.0
2026-03-18T13:00,26.4,79,17.8,1006.8,100,0.0
2026-03-18T14:00,26.0,84,12.9,1007.0,28,0.0
2026-03-18T15:00,25.5,88,7.9,1007.6,9,0.0
2026-03-18T16:00,25.4,90,5.7,1009.0,56,0.0
2026-03-18T17:00,25.3,90,7.5,1010.0,85,0.0
2026-03-18T18:00,24.0,75,6.0,1011.2,99,2.1
2026-03-18T19:00,23.0,74,6.0,1010.6,100,0.0
2026-03-18T20:00,23.0,76,3.0,1010.8,100,0.0
2026-03-18T21:00,22.6,78,2.5,1009.7,44,0.0
2026-03-18T22:00,22.9,88,8.5,1008.9,99,0.0
2026-03-18T23:00,22.5,92,0.6,1009.4,98,0.4
2026-03-19T00:00,21.4,88,6.5,1009.7,94,0.0
2026-03-19T01:00,20.5,90,1.0,1010.5,99,0.4
2026-03-19T02:00,20.5,83,1.0,1011.7,99,7.8
2026-03-19T03:00,21.1,88,3.2,1012.6,99,0.5
2026-03-19T04:00,22.4,84,2.9,1013.2,99,0.0
2026-03-19T05:00,24.0,77,1.5,1014.5,100,1.2
2026-03-19T06:00,21.5,82,8.5,1014.4,100,0.1
2026-03-19T07:00,21.8,81,8.6,1014.3,100,0.1
2026-03-19T08:00,23.0,76,7.4,1013.6,97,0.0
2026-03-19T09:00,24.0,70,9.7,1012.2,88,0.0
2026-03-19T10:00,24.3,70,8.4,1011.2,65,0.1
2026-03-19T11:00,24.4,68,7.6,1010.3,83,0.2
2026-03-19T12:00,25.8,57,3.6,1009.4,64,0.0
2026-03-19T13:00,25.4,59,3.1,1009.6,15,0.0
2026-03-19T14:00,24.5,67,5.7,1010.4,9,0.0
2026-03-19T15:00,23.7,70,8.1,1011.3,2,0.0
2026-03-19T16:00,23.0,74,6.1,1012.1,5,0.0
2026-03-19T17:00,22.3,81,4.7,1012.6,2,0.0
2026-03-19T18:00,21.5,77,4.2,1012.8,2,0.0
2026-03-19T19:00,21.2,78,5.6,1012.2,2,0.0
2026-03-19T20:00,21.1,77,4.7,1011.6,4,0.0
2026-03-19T21:00,20.9,80,2.9,1010.5,17,0.0
2026-03-19T22:00,20.5,82,4.2,1009.8,0,0.0
2026-03-19T23:00,19.6,85,7.4,1009.9,5,0.0
2026-03-20T00:00,19.0,92,5.2,1010.5,4,0.0
2026-03-20T01:00,18.8,92,2.0,1011.0,7,0.0
2026-03-20T02:00,18.9,93,1.2,1011.5,6,0.0
2026-03-20T03:00,20.5,87,1.7,1011.9,5,0.0
2026-03-20T04:00,23.1,73,1.8,1012.4,0,0.0
2026-03-20T05:00,24.6,67,3.0,1012.6,0,0.0
2026-03-20T06:00,25.9,55,2.6,1012.7,0,0.0
2026-03-20T07:00,26.8,53,6.5,1012.3,0,0.0
2026-03-20T08:00,26.6,58,11.3,1011.5,0,0.0
2026-03-20T09:00,26.4,60,12.7,1010.5,0,0.0
2026-03-20T10:00,26.3,59,12.4,1009.9,0,0.0
2026-03-20T11:00,26.2,60,9.8,1009.2,5,0.0
2026-03-20T12:00,26.0,61,8.5,1009.1,12,0.0
2026-03-20T13:00,25.0,67,9.9,1009.7,11,0.0
2026-03-20T14:00,24.0,74,9.2,1009.9,3,0.0
2026-03-20T15:00,23.6,78,9.2,1010.5,3,0.0
2026-03-20T16:00,23.5,80,8.7,1011.1,12,0.0
2026-03-20T17:00,23.4,82,8.8,1011.5,65,0.0
2026-03-20T18:00,23.6,86,8.8,1011.1,100,0.0
2026-03-20T19:00,24.1,87,8.9,1010.7,34,0.0
2026-03-20T20:00,23.9,89,10.1,1010.2,60,0.0
2026-03-20T21:00,23.6,90,9.1,1009.9,97,0.0
2026-03-20T22:00,23.5,91,7.6,1009.6,100,0.0
2026-03-20T23:00,23.6,90,8.2,1009.5,97,0.0
2026-03-21T00:00,23.4,90,9.3,1009.9,95,0.0
2026-03-21T01:00,23.0,92,8.8,1010.3,99,0.1
2026-03-21T02:00,22.9,93,4.6,1010.7,92,0.0
2026-03-21T03:00,23.5,90,4.0,1011.4,98,0.0
2026-03-21T04:00,24.5,85,4.2,1011.9,59,0.0
2026-03-21T05:00,26.3,73,6.8,1012.1,58,0.0
2026-03-21T06:00,27.2,65,7.5,1011.9,100,0.0
2026-03-21T07:00,27.7,63,8.6,1012.0,100,0.0
2026-03-21T08:00,27.6,63,11.4,1011.7,97,0.0
2026-03-21T09:00,27.8,63,10.9,1011.1,96,0.0
2026-03-21T10:00,27.6,63,10.9,1010.2,41,0.0
2026-03-21T11:00,27.3,64,13.7,1010.1,93,0.0
2026-03-21T12:00,26.9,63,10.9,1010.1,81,0.0
2026-03-21T13:00,26.5,65,9.4,1010.6,88,0.0
2026-03-21T14:00,25.9,68,9.0,1011.1,45,0.0
2026-03-21T15:00,25.3,73,9.1,1011.8,100,0.0
2026-03-21T16:00,25.0,78,8.8,1012.4,100,0.0
2026-03-21T17:00,24.8,81,8.4,1012.7,60,0.0
2026-03-21T18:00,24.5,82,9.0,1013.0,16,0.0
2026-03-21T19:00,24.5,83,8.8,1012.8,23,0.0
2026-03-21T20:00,24.3,83,7.4,1012.5,95,0.0
2026-03-21T21:00,24.0,86,7.0,1012.0,93,0.0
2026-03-21T22:00,23.5,90,6.5,1011.8,88,0.0
2026-03-21T23:00,23.1,93,4.9,1012.1,60,0.0
2026-03-22T00:00,22.2,98,1.9,1011.9,93,0.0
2026-03-22T01:00,22.5,98,0.5,1012.4,99,0.0
2026-03-22T02:00,22.4,98,4.0,1013.1,100,0.0
2026-03-22T03:00,23.5,91,4.3,1013.8,69,0.0
2026-03-22T04:00,25.0,79,4.3,1014.0,78,0.0
2026-03-22T05:00,26.5,70,4.0,1014.3,91,0.0
2026-03-22T06:00,27.1,64,6.5,1014.5,100,0.0
2026-03-22T07:00,27.6,61,8.7,1014.3,100,0.1
2026-03-22T08:00,28.8,55,11.2,1013.6,100,0.0
2026-03-22T09:00,29.0,52,13.8,1012.8,100,0.0
2026-03-22T10:00,28.5,55,13.3,1012.4,99,0.0
2026-03-22T11:00,28.2,59,12.5,1011.9,100,0.0
2026-03-22T12:00,27.0,64,5.6,1011.8,100,0.0
2026-03-22T13:00,26.4,71,13.9,1012.1,95,0.0
2026-03-22T14:00,25.6,75,9.7,1012.3,87,0.0
2026-03-22T15:00,25.0,79,8.5,1012.7,98,0.0
2026-03-22T16:00,24.5,83,6.9,1012.7,97,0.0
2026-03-22T17:00,24.0,86,7.7,1012.8,84,0.0
2026-03-22T18:00,24.2,84,8.8,1013.2,90,0.0
2026-03-22T19:00,24.1,84,8.8,1012.9,100,0.0
2026-03-22T20:00,23.9,85,8.3,1012.6,95,0.0
2026-03-22T21:00,23.5,86,8.0,1012.2,95,0.0
2026-03-22T22:00,23.4,86,7.9,1011.6,100,0.0
2026-03-22T23:00,23.4,85,9.2,1011.5,100,0.0
2026-03-23T00:00,23.2,87,9.0,1011.4,100,0.0
2026-03-23T01:00,23.2,87,9.1,1011.9,98,0.0
2026-03-23T02:00,23.1,89,7.5,1012.2,72,0.0
2026-03-23T03:00,24.2,83,7.5,1012.7,31,0.0
2026-03-23T04:00,25.9,72,7.3,1012.8,95,0.0
2026-03-23T05:00,27.6,59,7.9,1013.0,96,0.0
2026-03-23T06:00,29.2,49,8.6,1013.1,8,0.0
2026-03-23T07:00,30.3,45,10.3,1012.5,8,0.0
2026-03-23T08:00,30.7,45,12.7,1011.6,63,0.0
2026-03-23T09:00,30.2,48,15.4,1010.8,41,0.0
2026-03-23T10:00,29.6,51,15.2,1010.0,33,0.0
2026-03-23T11:00,29.3,51,14.8,1009.4,32,0.0
2026-03-23T12:00,28.1,55,12.6,1009.6,100,0.0
2026-03-23T13:00,27.1,61,12.9,1010.0,100,0.0
2026-03-23T14:00,25.8,73,9.9,1010.3,85,0.0
2026-03-23T15:00,25.3,80,10.0,1011.0,42,0.0
2026-03-23T16:00,24.9,85,9.0,1011.5,72,0.0
2026-03-23T17:00,24.6,86,9.0,1011.7,67,0.0
2026-03-23T18:00,24.5,89,9.5,1011.8,3,0.0
2026-03-23T19:00,24.5,89,8.6,1011.4,16,0.0
2026-03-23T20:00,24.4,91,8.1,1010.9,100,0.0
2026-03-23T21:00,24.0,92,9.3,1010.6,13,0.0
2026-03-23T22:00,23.8,94,9.6,1010.5,100,0.0
2026-03-23T23:00,24.0,92,8.4,1010.2,98,0.0
2026-03-24T00:00,24.1,93,8.2,1009.7,100,0.0
2026-03-24T01:00,24.1,93,10.2,1010.1,100,0.0
2026-03-24T02:00,24.1,92,10.6,1010.6,100,0.0
2026-03-24T03:00,25.0,84,11.5,1011.5,100,0.0
2026-03-24T04:00,26.4,74,9.3,1011.9,99,0.0
2026-03-24T05:00,28.2,60,9.9,1012.0,100,0.0
2026-03-24T06:00,29.8,50,7.4,1011.7,100,0.0
2026-03-24T07:00,29.0,49,7.6,1010.7,100,0.0
2026-03-24T08:00,29.6,46,7.7,1010.0,97,0.0
2026-03-24T09:00,29.5,52,11.5,1009.4,100,0.0
2026-03-24T10:00,28.6,61,13.1,1008.9,82,0.0
2026-03-24T11:00,29.4,55,10.0,1008.1,100,0.0
2026-03-24T12:00,29.2,61,10.2,1008.0,3,0.0
2026-03-24T13:00,27.9,65,11.4,1008.2,2,0.0
2026-03-24T14:00,26.7,73,9.6,1008.6,0,0.0
2026-03-24T15:00,26.0,82,8.0,1009.2,37,0.0
2026-03-24T16:00,25.5,87,9.4,1010.1,91,0.0
2026-03-24T17:00,25.2,89,9.8,1010.4,78,0.0
2026-03-24T18:00,25.2,90,12.0,1010.4,100,0.0
2026-03-24T19:00,25.2,91,14.4,1010.4,78,0.0
2026-03-24T20:00,25.2,91,13.1,1009.9,33,0.0
2026-03-24T21:00,24.9,92,11.8,1009.6,77,0.0
2026-03-24T22:00,24.8,91,12.5,1009.3,100,0.0
2026-03-24T23:00,24.9,88,12.1,1009.3,100,0.0
2026-03-25T00:00,24.3,86,6.6,1008.2,100,0.0
2026-03-25T01:00,24.0,88,7.1,1008.9,100,0.0
2026-03-25T02:00,24.0,86,8.4,1009.7,81,0.0
2026-03-25T03:00,25.2,78,7.0,1010.3,1,0.0
2026-03-25T04:00,27.5,61,8.5,1010.5,0,0.0
2026-03-25T05:00,29.5,46,9.0,1010.9,45,0.0
2026-03-25T06:00,30.0,46,12.5,1011.0,15,0.0
2026-03-25T07:00,30.5,43,15.0,1010.9,61,0.0
2026-03-25T08:00,30.5,41,14.1,1010.0,92,0.0
2026-03-25T09:00,30.3,40,15.7,1009.6,99,0.0
2026-03-25T10:00,30.0,39,13.7,1009.0,100,0.0
2026-03-25T11:00,29.4,43,13.6,1008.5,100,0.0
2026-03-25T12:00,28.0,58,13.1,1008.4,61,0.0
2026-03-25T13:00,26.9,68,12.5,1008.6,91,0.0
2026-03-25T14:00,26.0,76,10.3,1009.3,82,0.0
2026-03-25T15:00,26.0,75,10.5,1010.0,98,0.0
2026-03-25T16:00,25.9,71,10.5,1010.5,84,0.0
2026-03-25T17:00,25.6,73,8.4,1010.6,100,0.0
2026-03-25T18:00,25.7,73,6.9,1010.7,100,0.0
2026-03-25T19:00,25.6,74,8.6,1010.7,95,0.0
2026-03-25T20:00,25.4,75,6.1,1010.2,100,0.0
2026-03-25T21:00,25.2,77,6.2,1010.1,97,0.0
2026-03-25T22:00,25.1,77,7.5,1010.6,52,0.0
2026-03-25T23:00,24.8,78,6.5,1010.5,100,0.0
2026-03-26T00:00,24.8,80,9.7,1010.9,100,0.0
2026-03-26T01:00,25.0,78,11.7,1012.0,100,0.0
2026-03-26T02:00,25.0,78,9.7,1012.2,100,0.0
2026-03-26T03:00,24.8,78,9.4,1013.0,100,0.1
2026-03-26T04:00,25.3,75,6.4,1013.4,37,0.0
2026-03-26T05:00,28.0,60,6.8,1013.6,4,0.0
2026-03-26T06:00,29.8,50,10.1,1013.0,4,0.0
2026-03-26T07:00,30.3,47,15.2,1012.8,100,0.0
2026-03-26T08:00,30.1,48,16.0,1012.6,99,0.0
2026-03-26T09:00,30.2,46,15.3,1012.0,97,0.0
2026-03-26T10:00,29.6,50,15.0,1011.1,100,0.0
2026-03-26T11:00,29.0,52,12.9,1010.3,78,0.0
2026-03-26T12:00,28.3,52,12.3,1011.1,93,0.0
2026-03-26T13:00,27.5,56,11.2,1011.3,23,0.0
2026-03-26T14:00,26.4,64,9.4,1011.4,74,0.0
2026-03-26T15:00,25.7,71,7.3,1012.2,100,0.0
2026-03-26T16:00,25.4,75,6.1,1012.8,92,0.0
2026-03-26T17:00,25.1,77,6.9,1013.3,98,0.0
2026-03-26T18:00,25.4,81,8.2,1013.5,7,0.0
2026-03-26T19:00,25.4,81,7.9,1012.9,3,0.0
2026-03-26T20:00,25.1,83,6.5,1012.5,0,0.0
2026-03-26T21:00,24.6,85,7.0,1011.9,0,0.0
2026-03-26T22:00,24.3,88,7.8,1011.4,8,0.0
2026-03-26T23:00,24.0,90,7.9,1011.1,0,0.0
2026-03-27T00:00,23.6,93,6.2,1011.6,13,0.0
2026-03-27T01:00,23.7,93,6.8,1012.0,1,0.0
2026-03-27T02:00,23.7,93,7.5,1012.2,2,0.0
2026-03-27T03:00,24.9,86,6.2,1012.9,5,0.0
2026-03-27T04:00,26.7,75,5.1,1013.3,0,0.0
2026-03-27T05:00,28.6,60,1.5,1013.4,0,0.0
2026-03-27T06:00,30.0,54,3.9,1013.2,0,0.0
2026-03-27T07:00,30.8,52,11.8,1012.8,62,0.0
2026-03-27T08:00,30.7,52,13.3,1012.0,13,0.0
2026-03-27T09:00,31.0,49,15.3,1011.2,5,0.0
2026-03-27T10:00,30.1,54,18.2,1010.6,12,0.0
2026-03-27T11:00,28.9,59,19.7,1010.0,9,0.0
2026-03-27T12:00,27.8,66,20.6,1010.1,89,0.0
2026-03-27T13:00,27.0,70,17.6,1009.6,100,0.0
2026-03-27T14:00,26.2,75,12.7,1009.2,100,0.0
2026-03-27T15:00,25.8,81,15.0,1009.4,100,0.0
2026-03-27T16:00,25.6,81,15.0,1009.5,21,0.0
2026-03-27T17:00,25.4,83,12.7,1009.2,77,0.0
2026-03-27T18:00,25.4,84,12.4,1008.8,84,0.0
2026-03-27T19:00,25.2,86,15.8,1008.5,76,0.0
2026-03-27T20:00,25.1,87,19.1,1008.4,64,0.0
2026-03-27T21:00,25.0,87,18.0,1007.6,20,0.0
2026-03-27T22:00,24.8,87,15.1,1006.7,13,0.0
2026-03-27T23:00,24.8,87,14.8,1006.4,43,0.0
2026-03-28T00:00,25.0,83,15.2,1006.9,34,0.0
2026-03-28T01:00,25.0,82,14.3,1007.1,39,0.0
2026-03-28T02:00,25.1,80,14.5,1007.4,91,0.0
2026-03-28T03:00,26.1,73,20.8,1007.8,84,0.0
2026-03-28T04:00,27.2,66,23.2,1008.5,82,0.0
2026-03-28T05:00,28.0,64,22.9,1008.9,79,0.0
2026-03-28T06:00,29.0,54,19.1,1008.3,80,0.0
2026-03-28T07:00,29.5,55,20.7,1008.0,41,0.0
2026-03-28T08:00,30.2,48,21.3,1007.0,100,0.0
2026-03-28T09:00,30.1,47,22.8,1006.5,45,0.0
2026-03-28T10:00,29.4,50,23.4,1006.2,100,0.0
2026-03-28T11:00,28.0,62,21.3,1005.6,98,0.0
2026-03-28T12:00,27.8,60,20.8,1004.8,100,0.0
2026-03-28T13:00,27.0,66,19.5,1004.9,100,0.0
2026-03-28T14:00,26.3,72,20.4,1005.0,100,0.0
2026-03-28T15:00,26.0,72,20.8,1005.3,100,0.0
2026-03-28T16:00,25.9,71,20.9,1005.9,100,0.0
2026-03-28T17:00,25.8,70,20.8,1006.1,100,0.0
2026-03-28T18:00,26.1,68,19.8,1006.0,100,0.0
2026-03-28T19:00,26.0,66,19.3,1005.7,90,0.0
2026-03-28T20:00,25.5,67,19.4,1005.5,100,0.0
2026-03-28T21:00,25.2,72,18.7,1005.2,100,0.0
2026-03-28T22:00,25.1,68,19.6,1005.0,95,0.0
2026-03-28T23:00,24.9,70,19.7,1004.9,99,0.0
2026-03-29T00:00,24.5,73,19.7,1004.7,33,0.0
2026-03-29T01:00,24.8,71,18.9,1005.2,0,0.0
2026-03-29T02:00,24.7,69,17.8,1005.8,47,0.0
2026-03-29T03:00,25.6,62,18.6,1006.7,0,0.0
2026-03-29T04:00,26.8,54,18.7,1007.7,0,0.0
2026-03-29T05:00,28.0,44,18.4,1008.4,5,0.0
2026-03-29T06:00,28.5,55,19.4,1008.5,25,0.0
2026-03-29T07:00,29.1,53,21.5,1008.6,5,0.0
2026-03-29T08:00,29.0,53,20.1,1008.2,0,0.0
2026-03-29T09:00,29.1,48,19.7,1007.4,0,0.0
2026-03-29T10:00,28.9,43,19.3,1006.8,2,0.0
2026-03-29T11:00,28.5,39,18.7,1006.3,11,0.0
2026-03-29T12:00,27.7,42,17.7,1006.3,22,0.0
2026-03-29T13:00,26.8,50,17.3,1006.6,77,0.0
2026-03-29T14:00,26.0,56,18.8,1007.2,88,0.0
2026-03-29T15:00,25.6,62,12.7,1007.3,28,0.0
2026-03-29T16:00,25.3,65,13.3,1007.2,33,0.0
2026-03-29T17:00,25.0,68,13.8,1007.4,0,0.0
2026-03-29T18:00,25.1,64,12.6,1007.4,0,0.0
2026-03-29T19:00,25.4,65,12.9,1007.0,0,0.0
2026-03-29T20:00,25.5,58,14.4,1006.6,0,0.0
2026-03-29T21:00,25.1,60,14.7,1006.2,0,0.0
2026-03-29T22:00,24.9,65,15.1,1006.2,1,0.0
2026-03-29T23:00,24.8,66,14.7,1006.3,26,0.0
2026-03-30T00:00,24.0,62,14.2,1006.2,1,0.0
2026-03-30T01:00,23.8,62,14.2,1006.7,0,0.0
2026-03-30T02:00,23.8,63,13.9,1007.5,0,0.0
2026-03-30T03:00,24.6,61,15.4,1008.3,3,0.0
2026-03-30T04:00,25.7,56,14.6,1009.3,4,0.0
2026-03-30T05:00,26.5,50,13.2,1009.7,5,0.0
2026-03-30T06:00,27.5,48,15.3,1010.2,12,0.0
2026-03-30T07:00,27.9,43,15.7,1010.2,6,0.0
2026-03-30T08:00,28.2,40,16.5,1009.8,1,0.0
2026-03-30T09:00,28.2,38,15.7,1008.6,0,0.0
2026-03-30T10:00,28.0,38,16.3,1007.9,5,0.0
2026-03-30T11:00,27.5,39,15.4,1007.1,0,0.0
2026-03-30T12:00,26.6,42,15.6,1007.3,0,0.0
2026-03-30T13:00,25.7,47,14.6,1007.4,20,0.0
2026-03-30T14:00,24.8,54,13.9,1007.5,100,0.0
2026-03-30T15:00,24.6,57,15.2,1008.3,95,0.0
2026-03-30T16:00,24.5,60,13.7,1008.8,100,0.0
2026-03-30T17:00,24.4,60,12.8,1009.2,98,0.0
2026-03-30T18:00,24.1,57,11.4,1008.8,32,0.0
2026-03-30T19:00,24.0,58,11.5,1008.8,68,0.0
2026-03-30T20:00,23.9,61,11.3,1008.3,100,0.0
2026-03-30T21:00,23.9,61,12.8,1007.7,100,0.0
2026-03-30T22:00,23.7,59,12.9,1007.4,68,0.0
2026-03-30T23:00,23.4,62,12.6,1007.6,50,0.0
2026-03-31T00:00,23.4,64,8.2,1007.3,99,0.0
2026-03-31T01:00,23.4,65,9.3,1008.1,97,0.0
2026-03-31T02:00,23.5,64,8.7,1009.0,100,0.0
2026-03-31T03:00,24.5,60,8.9,1009.9,99,0.0
2026-03-31T04:00,25.8,52,10.2,1010.5,91,0.0
2026-03-31T05:00,26.6,47,11.3,1010.9,100,0.0
2026-03-31T06:00,26.5,45,12.3,1010.9,100,0.0
2026-03-31T07:00,27.2,45,12.4,1010.4,100,0.0
2026-03-31T08:00,27.4,45,12.4,1010.0,100,0.0
2026-03-31T09:00,27.3,46,12.5,1009.0,100,0.0
2026-03-31T10:00,27.4,45,13.7,1008.3,100,0.0
2026-03-31T11:00,27.2,46,14.6,1007.6,78,0.0
2026-03-31T12:00,26.5,49,13.1,1007.6,77,0.0
2026-03-31T13:00,25.8,55,14.3,1008.0,99,0.0
2026-03-31T14:00,25.1,58,13.9,1008.7,100,0.0
2026-03-31T15:00,25.0,57,13.0,1008.9,100,0.0
2026-03-31T16:00,25.0,56,12.2,1009.7,100,0.0
2026-03-31T17:00,24.7,58,9.2,1009.9,100,0.0
2026-03-31T18:00,24.5,62,9.7,1010.1,100,0.0
2026-03-31T19:00,24.5,64,8.9,1009.6,100,0.0
2026-03-31T20:00,24.5,65,8.4,1009.2,99,0.0
2026-03-31T21:00,24.0,68,7.3,1008.5,100,0.0
2026-03-31T22:00,23.9,69,8.8,1008.1,100,0.0
2026-03-31T23:00,23.4,72,8.4,1007.9,93,0.0
2026-04-01T00:00,24.0,70,9.4,1008.2,100,0.0
2026-04-01T01:00,23.9,70,10.1,1008.4,99,0.0
2026-04-01T02:00,23.7,72,9.4,1008.8,100,0.0
2026-04-01T03:00,24.9,67,9.9,1009.6,99,0.0
2026-04-01T04:00,26.4,58,13.3,1010.2,100,0.0
2026-04-01T05:00,27.4,53,13.4,1010.5,100,0.0
2026-04-01T06:00,27.9,50,15.3,1010.8,100,0.0
2026-04-01T07:00,28.5,48,14.9,1010.8,100,0.0
2026-04-01T08:00,28.6,48,14.8,1010.0,100,0.0
2026-04-01T09:00,29.0,44,13.3,1009.1,100,0.0
2026-04-01T10:00,28.9,44,12.8,1007.8,100,0.0
2026-04-01T11:00,28.0,50,14.9,1007.0,100,0.0
2026-04-01T12:00,27.0,56,15.9,1007.7,96,0.0
2026-04-01T13:00,26.2,60,15.4,1007.9,94,0.0
2026-04-01T14:00,25.6,63,12.5,1008.3,96,0.0
2026-04-01T15:00,25.2,66,12.3,1008.9,98,0.0
2026-04-01T16:00,24.9,70,10.8,1009.5,100,0.0
2026-04-01T17:00,24.7,73,9.1,1009.8,95,0.0
2026-04-01T18:00,24.7,76,8.5,1009.3,19,0.0
2026-04-01T19:00,24.9,77,11.5,1009.4,98,0.0
2026-04-01T20:00,25.0,76,11.7,1009.6,100,0.0
2026-04-01T21:00,24.5,78,7.7,1008.6,98,0.0
2026-04-01T22:00,24.1,80,4.3,1008.4,100,0.0
2026-04-01T23:00,23.6,83,6.5,1007.8,100,0.0
2026-04-02T00:00,23.2,86,1.6,1008.5,100,0.0
2026-04-02T01:00,23.4,85,1.2,1008.1,99,0.0
2026-04-02T02:00,23.2,87,6.9,1009.0,100,0.2
2026-04-02T03:00,23.8,79,12.8,1010.1,100,0.3
2026-04-02T04:00,21.4,82,15.1,1011.5,100,3.3
2026-04-02T05:00,21.5,81,10.7,1012.4,100,0.1
2026-04-02T06:00,23.8,74,4.9,1011.9,100,0.0
2026-04-02T07:00,24.2,72,8.7,1012.1,100,0.0
2026-04-02T08:00,24.0,73,11.0,1011.3,100,0.4
2026-04-02T09:00,24.2,75,10.7,1010.6,100,0.2
2026-04-02T10:00,21.8,82,6.5,1010.4,100,5.0
2026-04-02T11:00,23.9,73,8.3,1009.2,100,0.0
2026-04-02T12:00,20.3,86,1.7,1009.9,100,0.9
2026-04-02T13:00,20.5,86,7.2,1009.2,99,0.0
2026-04-02T14:00,20.5,86,1.9,1008.9,79,0.0
2026-04-02T15:00,20.5,85,1.6,1009.4,35,0.0
2026-04-02T16:00,20.5,85,1.3,1010.0,94,0.0
2026-04-02T17:00,20.5,87,4.4,1010.5,98,0.0
2026-04-02T18:00,18.2,92,21.7,1011.1,100,0.0
2026-04-02T19:00,19.1,89,6.4,1010.3,52,1.4
2026-04-02T20:00,19.1,91,6.0,1009.9,85,0.0
2026-04-02T21:00,19.5,90,7.6,1009.2,54,0.0
2026-04-02T22:00,18.8,91,7.6,1008.4,2,0.0
2026-04-02T23:00,17.9,94,8.1,1008.0,4,0.0
2026-04-03T00:00,17.7,95,7.4,1008.8,5,0.0
2026-04-03T01:00,17.8,93,6.7,1009.1,6,0.0
2026-04-03T02:00,18.0,91,4.7,1009.6,6,0.0
2026-04-03T03:00,19.1,87,4.1,1010.3,20,0.0
2026-04-03T04:00,20.8,78,2.7,1011.0,13,0.0
2026-04-03T05:00,22.6,71,3.6,1011.2,22,0.0
2026-04-03T06:00,24.0,61,8.3,1011.6,59,0.0
2026-04-03T07:00,24.9,54,11.3,1011.0,70,0.0
2026-04-03T08:00,25.2,52,12.6,1010.5,98,0.0
2026-04-03T09:00,25.2,52,12.9,1009.5,73,0.0
2026-04-03T10:00,25.4,51,12.9,1008.6,54,0.0
2026-04-03T11:00,24.9,54,13.5,1008.1,6,0.0
2026-04-03T12:00,24.5,64,12.8,1007.8,69,0.0
2026-04-03T13:00,24.0,66,11.5,1007.7,84,0.0
2026-04-03T14:00,23.4,69,10.1,1008.2,98,0.0
2026-04-03T15:00,23.3,72,10.2,1008.5,41,0.0
2026-04-03T16:00,23.2,74,9.2,1009.5,1,0.0
2026-04-03T17:00,23.0,76,7.8,1010.0,2,0.0
2026-04-03T18:00,23.1,71,6.8,1009.8,20,0.0
2026-04-03T19:00,23.3,69,7.4,1009.5,7,0.0
2026-04-03T20:00,22.9,69,6.6,1009.4,5,0.0
2026-04-03T21:00,22.5,68,8.0,1008.7,2,0.0
2026-04-03T22:00,22.0,68,9.2,1008.5,1,0.0
2026-04-03T23:00,21.7,70,9.7,1008.6,0,0.0
2026-04-04T00:00,21.4,80,7.3,1008.9,0,0.0
2026-04-04T01:00,20.9,84,5.9,1009.2,0,0.0
2026-04-04T02:00,20.5,87,4.9,1009.8,0,0.0
2026-04-04T03:00,21.8,85,2.7,1010.3,0,0.0
2026-04-04T04:00,24.0,74,2.2,1010.9,0,0.0
2026-04-04T05:00,25.7,65,4.5,1011.0,0,0.0
2026-04-04T06:00,27.0,56,7.6,1010.9,0,0.0
2026-04-04T07:00,27.5,53,11.9,1010.8,0,0.0
2026-04-04T08:00,27.5,51,14.3,1010.4,0,0.0
2026-04-04T09:00,27.5,50,14.4,1009.6,0,0.0
2026-04-04T10:00,27.4,48,14.5,1008.6,0,0.0
2026-04-04T11:00,26.9,50,14.1,1008.1,0,0.0
2026-04-04T12:00,25.6,53,14.2,1008.7,0,0.0
2026-04-04T13:00,24.9,58,12.8,1009.0,0,0.0
2026-04-04T14:00,24.0,66,12.5,1009.3,1,0.0
2026-04-04T15:00,23.8,68,14.0,1009.7,22,0.0
2026-04-04T16:00,23.7,68,13.6,1009.9,99,0.0
2026-04-04T17:00,23.8,69,13.8,1010.9,98,0.0
2026-04-04T18:00,24.1,68,12.2,1010.7,88,0.0
2026-04-04T19:00,24.0,68,10.6,1010.4,4,0.0
2026-04-04T20:00,23.5,71,8.6,1010.3,1,0.0
2026-04-04T21:00,23.1,73,7.5,1009.7,45,0.0
2026-04-04T22:00,22.9,75,7.6,1009.5,99,0.0
2026-04-04T23:00,22.6,76,7.4,1009.3,88,0.0
2026-04-05T00:00,22.1,83,7.9,1009.7,98,0.0
2026-04-05T01:00,22.4,81,6.7,1009.9,94,0.0
2026-04-05T02:00,22.4,81,6.2,1010.3,98,0.0
2026-04-05T03:00,23.4,79,5.2,1011.1,99,0.0
2026-04-05T04:00,24.8,71,5.4,1011.3,68,0.0
2026-04-05T05:00,26.4,62,6.3,1011.6,99,0.0
2026-04-05T06:00,26.9,56,9.3,1011.9,99,0.0
2026-04-05T07:00,26.9,56,10.5,1011.8,100,0.0
2026-04-05T08:00,27.0,55,9.7,1011.1,100,0.0
2026-04-05T09:00,27.0,54,9.4,1009.9,79,0.0
2026-04-05T10:00,27.6,52,11.4,1009.3,98,0.0
2026-04-05T11:00,26.5,59,12.5,1008.6,16,0.0
2026-04-05T12:00,26.4,53,11.4,1008.8,3,0.0
2026-04-05T13:00,25.5,58,11.7,1008.8,83,0.0
2026-04-05T14:00,24.7,64,9.7,1009.1,34,0.0
2026-04-05T15:00,24.1,69,9.8,1009.4,4,0.0
2026-04-05T16:00,23.9,70,9.1,1010.0,0,0.0
2026-04-05T17:00,23.5,73,7.7,1010.2,1,0.0
2026-04-05T18:00,23.8,76,7.8,1010.3,0,0.0
2026-04-05T19:00,24.0,76,9.6,1010.2,8,0.0
2026-04-05T20:00,23.8,77,9.5,1009.7,16,0.0
2026-04-05T21:00,23.6,79,8.8,1009.2,20,0.0
2026-04-05T22:00,23.6,79,8.9,1008.8,19,0.0
2026-04-05T23:00,23.5,78,8.2,1008.6,13,0.0
2026-04-06T00:00,23.3,79,8.8,1008.6,14,0.1
2026-04-06T01:00,23.5,77,10.3,1009.0,33,0.0
2026-04-06T02:00,23.7,76,8.7,1009.3,23,0.0
2026-04-06T03:00,25.0,71,7.4,1009.8,37,0.1
2026-04-06T04:00,26.2,64,13.2,1010.1,24,0.1
2026-04-06T05:00,27.4,59,14.0,1010.5,23,0.1
2026-04-06T06:00,27.4,59,13.4,1010.8,29,0.0
2026-04-06T07:00,28.1,57,16.5,1010.4,21,0.1
2026-04-06T08:00,28.5,56,18.6,1009.8,21,0.0
2026-04-06T09:00,28.6,57,19.0,1008.7,28,0.0
2026-04-06T10:00,28.0,61,20.9,1007.7,48,0.0
2026-04-06T11:00,27.7,63,22.5,1007.2,21,0.1
2026-04-06T12:00,26.8,70,20.9,1007.0,23,0.0
2026-04-06T13:00,26.2,74,20.9,1006.9,33,0.1
2026-04-06T14:00,25.7,81,17.8,1007.0,5,0.1
2026-04-06T15:00,25.5,86,19.4,1007.2,2,0.0
2026-04-06T16:00,25.4,87,19.2,1007.7,9,0.0
2026-04-06T17:00,25.3,88,18.9,1007.8,17,0.0
2026-04-06T18:00,25.4,90,21.5,1007.5,13,0.1
2026-04-06T19:00,25.2,91,20.6,1007.5,19,0.0
2026-04-06T20:00,25.4,88,19.7,1007.1,10,0.0
2026-04-06T21:00,25.1,88,18.1,1006.7,22,0.0
2026-04-06T22:00,25.0,89,15.5,1006.2,30,0.1
2026-04-06T23:00,24.8,91,14.1,1005.8,27,0.0
2026-04-07T00:00,24.9,88,17.5,1005.9,0,0.1
2026-04-07T01:00,24.9,84,18.5,1006.0,0,0.0
2026-04-07T02:00,25.0,82,18.5,1006.1,0,0.0
2026-04-07T03:00,25.7,81,15.8,1006.9,0,0.0
2026-04-07T04:00,26.9,67,17.7,1007.4,0,0.0
2026-04-07T05:00,27.8,60,19.6,1007.5,0,0.0
2026-04-07T06:00,28.8,53,21.5,1007.8,0,0.0
2026-04-07T07:00,29.1,52,20.5,1007.6,0,0.0
2026-04-07T08:00,29.2,52,19.2,1006.8,5,0.0
2026-04-07T09:00,29.0,54,18.6,1006.0,0,0.0
2026-04-07T10:00,28.9,51,18.3,1005.2,0,0.0
2026-04-07T11:00,28.5,51,17.9,1004.7,0,0.0
2026-04-07T12:00,27.5,58,17.5,1004.6,0,0.0
2026-04-07T13:00,26.5,67,17.3,1004.5,0,0.0
2026-04-07T14:00,25.6,72,16.9,1004.5,0,0.0
2026-04-07T15:00,25.4,74,17.3,1004.8,0,0.0
2026-04-07T16:00,25.0,82,15.1,1005.2,0,0.0
2026-04-07T17:00,24.6,85,11.0,1005.8,0,0.0
2026-04-07T18:00,24.8,85,11.2,1005.9,2,0.0
2026-04-07T19:00,24.6,83,10.3,1006.3,0,0.0
2026-04-07T20:00,24.1,84,7.7,1005.9,0,0.0
2026-04-07T21:00,23.6,88,9.3,1005.3,13,0.0
2026-04-07T22:00,23.5,90,10.2,1005.1,3,0.0
2026-04-07T23:00,23.4,89,10.5,1004.8,0,0.0
2026-04-08T00:00,23.2,89,8.3,1004.6,0,0.0
2026-04-08T01:00,23.2,89,7.3,1005.1,2,0.0
2026-04-08T02:00,23.4,89,6.1,1005.8,0,0.0
2026-04-08T03:00,24.7,82,2.9,1006.7,0,0.0
2026-04-08T04:00,26.2,69,2.6,1007.4,0,0.0
2026-04-08T05:00,27.8,59,2.7,1007.8,0,0.0
2026-04-08T06:00,28.5,57,6.1,1008.1,2,0.0
2026-04-08T07:00,28.9,59,9.5,1008.0,1,0.0
2026-04-08T08:00,29.0,60,12.0,1007.6,17,0.0
2026-04-08T09:00,28.8,58,12.9,1007.1,26,0.0
2026-04-08T10:00,28.5,59,13.9,1006.5,7,0.0
2026-04-08T11:00,28.3,60,13.0,1005.9,7,0.0
2026-04-08T12:00,27.6,64,11.9,1005.6,4,0.0
2026-04-08T13:00,26.7,72,12.1,1005.8,0,0.0
2026-04-08T14:00,25.7,80,9.7,1006.3,0,0.0
2026-04-08T15:00,25.1,84,9.2,1006.8,0,0.0
2026-04-08T16:00,24.8,85,8.2,1007.4,0,0.0
2026-04-08T17:00,24.4,87,5.6,1007.9,0,0.0
2026-04-08T18:00,24.4,89,5.4,1008.4,0,0.0
2026-04-08T19:00,24.2,90,4.7,1008.6,1,0.0
2026-04-08T20:00,23.6,93,5.9,1008.6,16,0.0
2026-04-08T21:00,23.0,95,5.6,1008.4,23,0.0
2026-04-08T22:00,22.5,97,4.2,1008.2,36,0.0
2026-04-08T23:00,22.1,99,2.5,1008.4,100,0.0
2026-04-09T00:00,22.1,99,2.6,1008.8,100,0.0
2026-04-09T01:00,21.9,99,4.3,1009.5,100,0.0
2026-04-09T02:00,21.6,98,3.3,1010.4,93,0.0
2026-04-09T03:00,22.8,89,0.8,1010.9,11,0.0
2026-04-09T04:00,25.0,72,1.4,1011.4,0,0.0
2026-04-09T05:00,27.7,56,4.6,1011.7,0,0.0
2026-04-09T06:00,29.0,55,6.9,1012.0,0,0.0
2026-04-09T07:00,29.7,56,8.7,1011.8,0,0.0
2026-04-09T08:00,30.0,56,11.0,1011.3,11,0.0
2026-04-09T09:00,30.1,55,11.7,1010.3,31,0.0
2026-04-09T10:00,29.5,57,13.5,1009.8,10,0.0
2026-04-09T11:00,28.2,61,15.3,1009.6,6,0.0
2026-04-09T12:00,27.5,66,15.1,1009.5,7,0.0
2026-04-09T13:00,26.9,65,12.5,1010.1,2,0.0
2026-04-09T14:00,26.1,74,10.8,1010.8,9,0.0
2026-04-09T15:00,25.6,77,8.2,1011.3,0,0.0
2026-04-09T16:00,25.3,80,6.5,1012.3,96,0.0
2026-04-09T17:00,25.0,82,7.4,1013.0,2,0.0
2026-04-09T18:00,24.6,86,8.3,1013.4,100,0.0
2026-04-09T19:00,24.8,86,6.6,1013.0,27,0.0
2026-04-09T20:00,24.2,88,8.0,1012.9,45,0.0
2026-04-09T21:00,23.9,89,6.1,1012.2,100,0.0
2026-04-09T22:00,24.0,87,3.5,1011.4,100,0.0
2026-04-09T23:00,24.0,86,3.4,1011.3,80,0.0
2026-04-10T00:00,23.9,84,5.8,1011.5,41,0.0
2026-04-10T01:00,23.9,81,6.0,1012.2,0,0.0
2026-04-10T02:00,24.0,78,5.6,1013.0,0,0.0
2026-04-10T03:00,26.0,65,3.2,1013.9,0,0.0
2026-04-10T04:00,28.9,46,2.8,1014.1,1,0.0
2026-04-10T05:00,30.9,36,5.6,1014.5,2,0.0
2026-04-10T06:00,31.5,36,9.4,1014.5,2,0.0
2026-04-10T07:00,31.8,35,11.3,1014.0,98,0.0
2026-04-10T08:00,31.7,34,11.4,1013.3,80,0.0
2026-04-10T09:00,31.2,36,11.4,1012.4,0,0.0
2026-04-10T10:00,31.8,36,11.5,1011.8,0,0.0
2026-04-10T11:00,31.0,41,13.6,1011.6,0,0.0
2026-04-10T12:00,29.7,49,12.5,1011.5,0,0.0
2026-04-10T13:00,28.3,56,12.0,1011.7,0,0.0
2026-04-10T14:00,26.6,70,10.7,1012.2,1,0.0
2026-04-10T15:00,25.9,78,8.0,1012.7,5,0.0
2026-04-10T16:00,25.4,82,6.6,1012.4,1,0.0
2026-04-10T17:00,25.0,85,7.8,1012.6,0,0.0
2026-04-10T18:00,24.9,86,9.9,1013.3,14,0.0
2026-04-10T19:00,24.8,85,8.0,1012.6,7,0.0
2026-04-10T20:00,24.6,85,9.0,1012.4,23,0.0
2026-04-10T21:00,24.5,84,8.8,1011.7,99,0.0
2026-04-10T22:00,24.4,84,7.2,1011.1,0,0.0
2026-04-10T23:00,24.0,87,7.0,1010.7,0,0.0
2026-04-11T00:00,24.1,90,8.0,1010.5,0,0.0
2026-04-11T01:00,24.4,88,9.7,1010.9,0,0.0
2026-04-11T02:00,24.6,86,9.8,1011.6,0,0.0
2026-04-11T03:00,26.1,77,9.9,1012.3,0,0.0
2026-04-11T04:00,28.0,67,11.2,1012.7,0,0.0
2026-04-11T05:00,29.6,58,11.5,1012.5,0,0.0
2026-04-11T06:00,31.1,52,13.1,1012.5,0,0.0
2026-04-11T07:00,32.0,47,14.2,1012.0,0,0.0
2026-04-11T08:00,32.6,44,14.8,1011.3,0,0.0
2026-04-11T09:00,33.1,40,14.2,1010.4,0,0.0
2026-04-11T10:00,33.1,39,14.6,1009.7,0,0.0
2026-04-11T11:00,32.7,39,14.3,1009.0,0,0.0
2026-04-11T12:00,31.8,43,11.6,1008.4,0,0.0
2026-04-11T13:00,30.0,53,10.5,1008.6,0,0.0
2026-04-11T14:00,27.8,66,9.4,1009.2,0,0.0
2026-04-11T15:00,27.0,68,6.9,1009.9,0,0.0
2026-04-11T16:00,26.6,68,10.5,1010.4,0,0.0
2026-04-11T17:00,26.6,63,12.1,1010.3,0,0.0
2026-04-11T18:00,26.5,65,12.2,1010.7,0,0.0
2026-04-11T19:00,26.0,68,10.4,1010.2,0,0.0
2026-04-11T20:00,25.6,70,11.4,1009.6,0,0.0
2026-04-11T21:00,25.4,70,10.7,1008.9,0,0.0
2026-04-11T22:00,25.1,70,9.0,1008.3,0,0.0
2026-04-11T23:00,24.6,74,7.2,1008.1,0,0.0
2026-04-12T00:00,24.0,78,5.4,1008.2,0,0.0
2026-04-12T01:00,23.5,80,6.3,1008.2,0,0.0
2026-04-12T02:00,23.3,79,6.7,1008.6,0,0.0
2026-04-12T03:00,25.4,65,3.7,1009.2,0,0.0
2026-04-12T04:00,28.6,46,4.1,1009.5,0,0.0
2026-04-12T05:00,32.7,29,3.6,1009.6,3,0.0
2026-04-12T06:00,34.5,23,1.5,1009.7,0,0.0
2026-04-12T07:00,34.8,27,7.0,1009.0,0,0.0
2026-04-12T08:00,34.3,39,12.1,1008.2,0,0.0
2026-04-12T09:00,34.1,37,14.2,1007.5,0,0.0
2026-04-12T10:00,33.5,37,14.2,1006.8,0,0.0
2026-04-12T11:00,32.2,45,12.1,1006.4,0,0.0
2026-04-12T12:00,31.2,50,10.9,1006.4,0,0.0
2026-04-12T13:00,30.0,57,9.9,1006.7,0,0.0
2026-04-12T14:00,28.0,72,9.1,1007.2,2,0.0
2026-04-12T15:00,27.0,77,7.9,1007.5,41,0.0
2026-04-12T16:00,26.5,80,8.8,1008.2,59,0.0
2026-04-12T17:00,26.2,81,9.2,1008.9,50,0.0
2026-04-12T18:00,26.0,81,8.8,1009.2,75,0.0
2026-04-12T19:00,25.8,80,8.1,1008.9,88,0.0
2026-04-12T20:00,25.4,80,6.5,1008.3,99,0.0
2026-04-12T21:00,25.1,79,7.2,1007.8,91,0.0
2026-04-12T22:00,24.8,75,8.2,1007.2,12,0.0
2026-04-12T23:00,24.5,74,9.3,1006.9,0,0.0
2026-04-13T00:00,24.6,78,8.8,1007.4,14,0.0
2026-04-13T01:00,24.8,81,8.3,1007.5,41,0.0
2026-04-13T02:00,25.1,81,7.4,1008.0,0,0.0
2026-04-13T03:00,26.8,75,7.4,1008.9,0,0.0
2026-04-13T04:00,28.8,66,9.9,1009.5,0,0.0
2026-04-13T05:00,30.9,54,11.2,1009.6,0,0.0
2026-04-13T06:00,31.5,51,15.2,1009.7,0,0.0
2026-04-13T07:00,32.3,45,16.2,1009.4,0,0.0
2026-04-13T08:00,32.9,40,16.8,1008.9,0,0.0
2026-04-13T09:00,33.4,37,16.1,1008.2,0,0.0
2026-04-13T10:00,33.0,38,15.5,1007.6,5,0.0
2026-04-13T11:00,32.3,42,15.8,1007.0,0,0.0
2026-04-13T12:00,30.8,49,17.7,1006.8,7,0.0
2026-04-13T13:00,29.5,54,16.2,1006.7,0,0.0
2026-04-13T14:00,28.3,60,13.8,1007.0,12,0.0
2026-04-13T15:00,27.9,62,10.6,1007.6,3,0.0
2026-04-13T16:00,27.5,64,9.4,1008.1,9,0.0
2026-04-13T17:00,27.3,65,9.9,1008.6,0,0.0
2026-04-13T18:00,26.9,67,8.4,1008.9,0,0.0
2026-04-13T19:00,26.5,70,9.0,1008.4,0,0.0
2026-04-13T20:00,26.1,72,10.9,1007.9,29,0.0
2026-04-13T21:00,26.0,73,11.4,1007.2,72,0.0
2026-04-13T22:00,26.0,71,13.2,1006.5,88,0.0
2026-04-13T23:00,26.0,72,12.8,1006.3,97,0.0
2026-04-14T00:00,25.8,77,11.3,1006.4,99,0.0
2026-04-14T01:00,25.8,77,10.4,1006.9,93,0.0
2026-04-14T02:00,25.9,76,9.1,1007.4,98,0.0
2026-04-14T03:00,27.5,69,7.2,1008.0,77,0.0
2026-04-14T04:00,29.8,57,8.1,1008.2,25,0.0
2026-04-14T05:00,31.8,48,9.4,1008.6,0,0.0
2026-04-14T06:00,32.0,50,13.1,1009.0,0,0.0
2026-04-14T07:00,32.9,45,13.3,1008.6,0,0.0
2026-04-14T08:00,33.3,43,14.4,1007.8,0,0.0
2026-04-14T09:00,33.2,42,15.0,1007.2,10,0.0
2026-04-14T10:00,32.5,44,15.0,1006.5,16,0.0
2026-04-14T11:00,31.9,47,13.5,1006.0,16,0.0
2026-04-14T12:00,30.8,52,11.6,1005.5,2,0.0
2026-04-14T13:00,29.3,55,12.3,1005.7,0,0.0
2026-04-14T14:00,27.9,58,9.4,1006.0,0,0.0
2026-04-14T15:00,27.0,66,9.2,1006.4,0,0.0
2026-04-14T16:00,26.4,74,8.6,1006.9,0,0.0
2026-04-14T17:00,25.9,78,8.5,1007.5,20,0.0
2026-04-14T18:00,25.8,79,8.6,1007.4,2,0.0
2026-04-14T19:00,25.6,79,6.2,1007.2,24,0.0
2026-04-14T20:00,25.2,80,5.3,1006.4,68,0.0
2026-04-14T21:00,25.0,80,7.2,1005.7,59,0.0
2026-04-14T22:00,25.0,78,8.8,1005.2,99,0.0
2026-04-14T23:00,25.0,77,7.7,1004.9,100,0.0
2026-04-15T00:00,24.6,80,5.2,1004.6,96,0.0
2026-04-15T01:00,24.6,80,5.6,1005.0,75,0.0
2026-04-15T02:00,24.7,80,5.2,1005.5,1,0.0
2026-04-15T03:00,26.4,75,3.7,1006.2,97,0.0
2026-04-15T04:00,28.4,68,5.8,1006.5,100,0.0
2026-04-15T05:00,30.0,62,8.0,1006.9,98,0.0
2026-04-15T06:00,30.8,60,10.7,1007.2,99,0.0
2026-04-15T07:00,31.5,57,12.2,1007.0,98,0.0
2026-04-15T08:00,32.0,53,12.6,1006.4,100,0.0
2026-04-15T09:00,32.2,50,12.9,1005.4,100,0.0
2026-04-15T10:00,32.0,51,12.3,1004.6,53,0.0
2026-04-15T11:00,31.2,56,12.4,1004.1,95,0.0
2026-04-15T12:00,29.2,67,13.5,1004.3,100,0.0
2026-04-15T13:00,28.0,73,13.0,1004.4,100,0.0
2026-04-15T14:00,26.9,79,11.2,1004.8,96,0.0
2026-04-15T15:00,26.5,81,9.7,1005.4,92,0.0
2026-04-15T16:00,26.1,82,9.4,1005.9,91,0.0
2026-04-15T17:00,25.7,84,7.9,1006.0,95,0.0
2026-04-15T18:00,25.7,80,7.8,1005.9,100,0.0
2026-04-15T19:00,25.8,73,10.0,1005.4,100,0.0
2026-04-15T20:00,25.7,69,10.9,1005.1,98,0.0
2026-04-15T21:00,25.5,68,11.3,1004.7,81,0.0
2026-04-15T22:00,25.4,66,10.8,1004.4,30,0.0
2026-04-15T23:00,25.0,66,10.2,1004.0,23,0.0
2026-04-16T00:00,24.9,72,10.8,1003.8,73,0.0
2026-04-16T01:00,24.9,72,10.9,1004.3,100,0.0
2026-04-16T02:00,25.2,70,10.8,1004.9,100,0.0
2026-04-16T03:00,26.6,67,10.4,1005.7,100,0.0
2026-04-16T04:00,28.1,59,12.4,1006.3,100,0.0
2026-04-16T05:00,29.3,53,12.6,1006.6,99,0.0
2026-04-16T06:00,29.6,50,15.4,1007.3,100,0.0
2026-04-16T07:00,29.8,50,16.1,1007.3,100,0.0
2026-04-16T08:00,29.9,53,16.4,1006.9,100,0.0
2026-04-16T09:00,30.2,50,15.6,1006.1,100,0.0
2026-04-16T10:00,30.1,51,14.8,1005.4,100,0.0
2026-04-16T11:00,29.5,54,14.6,1004.8,100,0.0
2026-04-16T12:00,28.5,60,12.5,1004.3,100,0.0
2026-04-16T13:00,27.8,65,11.2,1004.4,100,0.0
2026-04-16T14:00,26.9,71,9.3,1004.8,97,0.0
2026-04-16T15:00,26.4,76,8.9,1005.4,97,0.0
2026-04-16T16:00,26.1,79,9.8,1006.3,85,0.0
2026-04-16T17:00,25.9,80,9.6,1006.8,0,0.0
2026-04-16T18:00,25.7,81,9.3,1007.2,0,0.0
2026-04-16T19:00,25.6,80,8.7,1007.2,0,0.0
2026-04-16T20:00,25.3,83,8.3,1006.6,0,0.0
2026-04-16T21:00,25.0,85,8.6,1006.4,6,0.0
2026-04-16T22:00,24.9,85,9.4,1006.2,81,0.0
2026-04-16T23:00,24.9,84,9.6,1006.2,82,0.0
2026-04-17T00:00,25.0,85,11.1,1006.3,5,0.0
2026-04-17T01:00,24.8,86,10.8,1006.7,25,0.0
2026-04-17T02:00,25.0,86,10.4,1007.3,0,0.0
2026-04-17T03:00,26.6,77,10.8,1008.2,0,0.0
2026-04-17T04:00,28.6,66,11.9,1009.0,0,0.0
2026-04-17T05:00,30.9,54,11.3,1009.3,30,0.0
2026-04-17T06:00,32.3,45,13.3,1009.3,97,0.0
2026-04-17T07:00,33.0,43,14.9,1009.1,84,0.0
2026-04-17T08:00,33.3,40,15.5,1008.6,53,0.0
2026-04-17T09:00,33.5,38,15.7,1007.9,86,0.0
2026-04-17T10:00,33.2,37,14.8,1007.2,83,0.0
2026-04-17T11:00,32.6,36,13.4,1006.6,9,0.0
2026-04-17T12:00,31.4,36,13.4,1006.8,0,0.0
2026-04-17T13:00,29.9,43,12.1,1006.6,98,0.0
2026-04-17T14:00,28.0,55,10.5,1007.1,100,0.0
2026-04-17T15:00,27.3,59,8.7,1007.7,99,0.0
2026-04-17T16:00,26.6,66,8.9,1008.3,2,0.0
2026-04-17T17:00,26.0,72,8.8,1009.0,99,0.0
2026-04-17T18:00,25.6,75,7.9,1009.0,96,0.0
2026-04-17T19:00,25.2,81,7.7,1008.9,22,0.0
2026-04-17T20:00,24.9,84,7.7,1008.5,28,0.0
2026-04-17T21:00,24.5,87,8.2,1007.9,85,0.0
2026-04-17T22:00,24.2,86,8.0,1007.3,100,0.0
2026-04-17T23:00,24.1,86,8.2,1007.0,73,0.0
2026-04-18T00:00,24.1,85,8.6,1007.1,83,0.0
2026-04-18T01:00,23.9,86,9.7,1007.5,51,0.0
2026-04-18T02:00,24.2,84,9.7,1007.9,0,0.0
2026-04-18T03:00,25.9,75,9.9,1008.5,20,0.0
2026-04-18T04:00,27.5,64,10.6,1008.8,99,0.0
2026-04-18T05:00,28.9,55,12.2,1009.3,98,0.0
2026-04-18T06:00,29.1,54,14.0,1009.5,16,0.0
2026-04-18T07:00,30.1,50,14.2,1009.4,70,0.0
2026-04-18T08:00,30.4,49,14.5,1009.0,99,0.0
2026-04-18T09:00,30.4,49,14.3,1008.1,83,0.0
2026-04-18T10:00,30.1,47,14.2,1007.3,100,0.0
2026-04-18T11:00,29.4,55,14.6,1007.0,100,0.0
2026-04-18T12:00,27.9,64,14.0,1006.9,100,0.0
2026-04-18T13:00,27.0,70,14.0,1007.0,91,0.0
2026-04-18T14:00,26.1,75,13.2,1007.6,2,0.0
2026-04-18T15:00,25.8,76,10.7,1008.0,0,0.0
2026-04-18T16:00,25.5,77,7.2,1008.2,0,0.0
2026-04-18T17:00,25.0,79,6.4,1008.3,0,0.0
2026-04-18T18:00,24.8,77,8.1,1008.7,0,0.0
2026-04-18T19:00,24.6,79,8.2,1008.7,0,0.0
2026-04-18T20:00,24.4,83,7.6,1008.2,0,0.0
2026-04-18T21:00,24.0,85,8.6,1007.6,0,0.0
2026-04-18T22:00,23.8,86,7.8,1007.1,0,0.0
2026-04-18T23:00,23.6,87,8.3,1006.7,0,0.0
2026-04-19T00:00,23.8,90,9.2,1006.5,0,0.0
2026-04-19T01:00,23.8,89,8.5,1006.8,0,0.0
2026-04-19T02:00,24.2,85,7.4,1007.4,0,0.0
2026-04-19T03:00,25.9,76,7.7,1008.0,2,0.0
2026-04-19T04:00,27.5,68,8.5,1008.5,3,0.0
2026-04-19T05:00,28.9,61,10.2,1008.8,0,0.0
2026-04-19T06:00,29.5,59,13.3,1009.3,2,0.0
2026-04-19T07:00,30.2,56,14.9,1009.3,0,0.0
2026-04-19T08:00,30.6,54,14.9,1008.7,0,0.0
2026-04-19T09:00,30.9,53,14.5,1007.9,0,0.0
2026-04-19T10:00,30.8,53,14.1,1007.3,0,0.0
2026-04-19T11:00,30.3,53,13.7,1006.8,1,0.0
2026-04-19T12:00,29.4,53,12.6,1006.6,5,0.0
2026-04-19T13:00,28.3,60,11.2,1006.8,23,0.0
2026-04-19T14:00,26.8,72,11.7,1006.9,13,0.0
2026-04-19T15:00,26.0,79,10.9,1007.5,9,0.0
2026-04-19T16:00,25.8,81,9.6,1007.8,0,0.0
2026-04-19T17:00,25.5,84,6.6,1008.4,0,0.0
2026-04-19T18:00,25.0,85,6.3,1008.6,0,0.0
2026-04-19T19:00,24.9,86,7.5,1008.4,0,0.0
2026-04-19T20:00,24.5,88,8.2,1007.8,0,0.0
2026-04-19T21:00,24.4,89,8.6,1007.2,0,0.0
2026-04-19T22:00,24.2,90,9.6,1007.0,0,0.0
2026-04-19T23:00,24.0,91,8.8,1007.2,0,0.0
2026-04-20T00:00,24.2,95,7.6,1006.9,0,0.0
2026-04-20T01:00,24.1,95,7.7,1007.0,0,0.0
2026-04-20T02:00,24.5,93,8.1,1007.4,4,0.0
2026-04-20T03:00,26.2,83,10.6,1008.1,29,0.0
2026-04-20T04:00,27.9,74,9.9,1008.8,4,0.0
2026-04-20T05:00,29.5,65,9.9,1008.8,0,0.0
2026-04-20T06:00,30.5,62,11.0,1008.7,2,0.0
2026-04-20T07:00,31.3,59,12.5,1008.3,1,0.0
2026-04-20T08:00,31.6,56,13.6,1007.8,0,0.0
2026-04-20T09:00,31.5,53,14.1,1006.9,5,0.0
2026-04-20T10:00,31.4,51,13.6,1006.4,3,0.0
2026-04-20T11:00,30.9,52,13.7,1006.0,63,0.0
2026-04-20T12:00,29.1,59,13.8,1005.9,84,0.0
2026-04-20T13:00,28.0,66,12.7,1006.2,88,0.0
2026-04-20T14:00,26.7,78,13.1,1006.7,95,0.0
2026-04-20T15:00,26.1,81,11.1,1007.2,100,0.0
2026-04-20T16:00,25.9,81,9.2,1007.8,77,0.0
2026-04-20T17:00,25.6,81,7.4,1008.1,0,0.0
2026-04-20T18:00,25.5,84,9.0,1008.0,30,0.0
2026-04-20T19:00,25.4,85,7.9,1008.3,71,0.0
2026-04-20T20:00,25.1,86,8.8,1007.9,97,0.0
2026-04-20T21:00,24.8,87,7.7,1007.7,100,0.0
2026-04-20T22:00,24.6,89,6.3,1007.3,6,0.0
2026-04-20T23:00,24.4,91,7.8,1007.0,14,0.0
2026-04-21T00:00,24.5,92,8.6,1006.8,1,0.0
2026-04-21T01:00,24.5,93,9.0,1007.0,0,0.0
2026-04-21T02:00,24.8,92,9.8,1007.5,0,0.0
2026-04-21T03:00,26.3,83,12.6,1008.1,14,0.0
2026-04-21T04:00,27.9,69,12.3,1008.6,86,0.0
2026-04-21T05:00,29.2,61,13.5,1008.9,1,0.0
2026-04-21T06:00,29.8,58,14.9,1008.9,0,0.0
2026-04-21T07:00,30.5,54,15.3,1008.6,0,0.0
2026-04-21T08:00,31.0,50,15.4,1008.0,32,0.0
2026-04-21T09:00,31.1,47,15.5,1007.0,28,0.0
2026-04-21T10:00,30.5,51,15.7,1006.5,80,0.0
2026-04-21T11:00,29.8,56,15.4,1006.0,84,0.0
2026-04-21T12:00,28.8,58,14.0,1005.6,20,0.0
2026-04-21T13:00,27.8,64,12.7,1005.6,16,0.0
2026-04-21T14:00,26.6,75,11.2,1006.0,5,0.0
2026-04-21T15:00,26.1,81,11.1,1006.4,0,0.0
2026-04-21T16:00,26.0,82,9.1,1006.8,4,0.0
2026-04-21T17:00,25.7,83,8.2,1007.3,2,0.0
2026-04-21T18:00,25.6,86,7.9,1007.4,6,0.0
2026-04-21T19:00,25.5,88,6.0,1007.5,0,0.0
2026-04-21T20:00,25.2,90,6.5,1007.1,2,0.0
2026-04-21T21:00,25.0,92,8.4,1006.8,22,0.0
2026-04-21T22:00,25.0,92,8.8,1006.2,10,0.0
2026-04-21T23:00,24.9,92,9.9,1006.0,11,0.0
2026-04-22T00:00,24.7,93,8.9,1006.2,26,0.0
2026-04-22T01:00,25.0,91,9.4,1006.4,8,0.0
2026-04-22T02:00,25.5,87,11.0,1006.9,6,0.0
2026-04-22T03:00,26.8,79,12.3,1007.9,5,0.0
2026-04-22T04:00,28.1,71,13.7,1008.3,23,0.0
2026-04-22T05:00,29.2,66,14.3,1008.5,28,0.0
2026-04-22T06:00,30.1,61,15.8,1008.1,3,0.0
2026-04-22T07:00,30.7,60,16.7,1007.7,7,0.0
2026-04-22T08:00,31.3,56,15.8,1006.7,10,0.0
2026-04-22T09:00,31.1,57,16.1,1005.9,16,0.0
2026-04-22T10:00,30.3,63,17.1,1005.4,23,0.0
2026-04-22T11:00,29.5,70,16.7,1005.0,6,0.0
2026-04-22T12:00,28.6,74,14.5,1004.7,62,0.0
2026-04-22T13:00,27.9,78,14.6,1004.9,98,0.0
2026-04-22T14:00,26.9,84,12.6,1005.0,100,0.0
2026-04-22T15:00,26.8,86,11.6,1005.4,100,0.0
2026-04-22T16:00,26.5,88,10.3,1005.8,4,0.0
2026-04-22T17:00,26.4,90,7.9,1006.2,3,0.0
2026-04-22T18:00,26.4,89,8.9,1006.4,0,0.0
2026-04-22T19:00,26.4,89,8.9,1006.4,98,0.0
2026-04-22T20:00,26.1,90,10.0,1006.2,7,0.0
2026-04-22T21:00,25.9,91,10.6,1005.5,4,0.0
2026-04-22T22:00,25.7,93,10.5,1005.5,5,0.0
2026-04-22T23:00,25.5,93,9.8,1005.4,5,0.0
2026-04-23T00:00,25.5,95,11.2,1005.5,19,0.0
2026-04-23T01:00,25.5,94,12.6,1005.9,21,0.0
2026-04-23T02:00,26.0,90,14.6,1006.4,44,0.0
2026-04-23T03:00,27.2,82,14.6,1007.3,59,0.0
2026-04-23T04:00,28.3,75,14.1,1007.6,44,0.0
2026-04-23T05:00,29.5,71,13.4,1007.5,33,0.0
2026-04-23T06:00,30.0,66,14.5,1008.0,35,0.0
2026-04-23T07:00,30.9,62,15.8,1007.7,0,0.0
2026-04-23T08:00,31.5,57,16.1,1007.0,0,0.0
2026-04-23T09:00,31.5,58,16.4,1006.3,0,0.0
2026-04-23T10:00,31.2,60,15.9,1005.7,0,0.0
2026-04-23T11:00,31.0,61,14.0,1005.4,64,0.0
2026-04-23T12:00,29.8,67,12.1,1004.9,99,0.0
2026-04-23T13:00,29.0,71,7.3,1005.6,42,0.0
2026-04-23T14:00,28.0,76,8.7,1006.2,91,0.0
2026-04-23T15:00,27.2,82,10.7,1006.1,95,0.0
2026-04-23T16:00,26.8,86,10.8,1006.2,96,0.0
2026-04-23T17:00,26.5,87,6.8,1007.2,24,0.0
2026-04-23T18:00,26.5,89,6.5,1006.9,26,0.0
2026-04-23T19:00,26.4,90,6.0,1006.8,95,0.0
2026-04-23T20:00,26.1,92,6.9,1006.3,100,0.0
2026-04-23T21:00,26.1,92,8.0,1006.1,100,0.0
2026-04-23T22:00,25.9,93,7.1,1006.1,100,0.0
2026-04-23T23:00,25.7,94,6.4,1006.1,100,0.0
2026-04-24T00:00,25.6,97,7.1,1005.9,98,0.0
2026-04-24T01:00,25.8,96,7.7,1006.4,82,0.0
2026-04-24T02:00,26.1,93,8.5,1007.0,74,0.0
2026-04-24T03:00,27.5,83,11.7,1007.7,46,0.0
2026-04-24T04:00,29.0,76,10.9,1007.9,22,0.0
2026-04-24T05:00,30.1,72,11.7,1008.0,2,0.0
2026-04-24T06:00,30.2,69,14.0,1008.1,18,0.0
2026-04-24T07:00,31.0,64,14.4,1007.8,13,0.0
2026-04-24T08:00,31.2,63,14.5,1007.3,2,0.0
2026-04-24T09:00,31.0,64,15.5,1006.7,19,0.0
2026-04-24T10:00,30.6,68,16.5,1006.0,64,0.0
2026-04-24T11:00,30.3,67,14.7,1005.9,98,0.0
2026-04-24T12:00,29.7,70,13.1,1005.4,96,0.0
2026-04-24T13:00,28.8,75,11.3,1005.4,100,0.0
2026-04-24T14:00,27.7,83,8.7,1006.0,100,0.0
2026-04-24T15:00,27.1,88,7.9,1006.7,100,0.0
2026-04-24T16:00,26.9,89,6.8,1007.2,14,0.0
2026-04-24T17:00,26.6,90,5.8,1007.5,3,0.0
2026-04-24T18:00,26.5,92,7.6,1007.7,18,0.0
2026-04-24T19:00,26.5,91,6.9,1007.2,46,0.0
2026-04-24T20:00,26.2,92,5.4,1007.0,70,0.0
2026-04-24T21:00,25.8,95,8.0,1006.9,73,0.0
2026-04-24T22:00,25.4,97,7.5,1007.0,100,0.0
2026-04-24T23:00,25.1,98,6.8,1006.9,78,0.0
2026-04-25T00:00,25.1,99,6.9,1006.6,100,0.0
2026-04-25T01:00,25.0,99,6.5,1006.9,99,0.0
2026-04-25T02:00,25.3,96,6.5,1007.4,88,0.0
2026-04-25T03:00,27.0,84,6.0,1008.1,15,0.0
2026-04-25T04:00,28.8,76,6.4,1008.7,1,0.0
2026-04-25T05:00,30.2,70,8.8,1008.9,2,0.0
2026-04-25T06:00,31.4,65,10.5,1008.7,0,0.0
2026-04-25T07:00,32.3,59,12.2,1008.4,0,0.0
2026-04-25T08:00,33.0,56,12.6,1007.6,0,0.0
2026-04-25T09:00,33.0,56,13.3,1007.0,0,0.0
2026-04-25T10:00,32.8,56,13.9,1006.3,1,0.0
2026-04-25T11:00,32.0,59,13.5,1006.1,27,0.0
2026-04-25T12:00,30.5,64,11.7,1005.8,66,0.0
2026-04-25T13:00,29.6,68,10.7,1005.8,49,0.0
2026-04-25T14:00,28.4,75,9.7,1006.3,77,0.0
2026-04-25T15:00,27.9,77,8.9,1006.9,27,0.0
2026-04-25T16:00,27.6,78,8.0,1007.4,5,0.0
2026-04-25T17:00,27.3,79,7.6,1007.7,1,0.0
2026-04-25T18:00,27.2,82,8.0,1007.7,0,0.0
2026-04-25T19:00,27.1,81,7.7,1007.4,0,0.0
2026-04-25T20:00,26.9,81,6.2,1006.9,0,0.0
2026-04-25T21:00,26.6,81,6.4,1006.4,0,0.0
2026-04-25T22:00,26.4,81,6.9,1006.1,0,0.0
2026-04-25T23:00,26.1,82,7.6,1006.0,0,0.0
2026-04-26T00:00,26.0,86,8.6,1005.9,0,0.0
2026-04-26T01:00,26.1,86,9.4,1006.1,0,0.0
2026-04-26T02:00,26.5,84,8.3,1006.5,0,0.0
2026-04-26T03:00,28.5,75,8.1,1007.0,0,0.0
2026-04-26T04:00,30.9,63,11.0,1007.4,0,0.0
2026-04-26T05:00,32.7,53,13.0,1007.4,0,0.0
2026-04-26T06:00,33.5,51,13.7,1007.4,0,0.0
2026-04-26T07:00,34.3,47,14.8,1006.8,0,0.0
2026-04-26T08:00,35.0,43,15.3,1006.2,0,0.0
2026-04-26T09:00,35.2,41,15.5,1005.3,0,0.0
2026-04-26T10:00,35.2,39,15.5,1004.4,0,0.0
2026-04-26T11:00,34.7,39,14.6,1003.9,0,0.0
2026-04-26T12:00,33.5,43,12.8,1003.6,0,0.0
2026-04-26T13:00,32.0,48,11.9,1003.9,47,0.0
2026-04-26T14:00,30.1,60,11.1,1004.2,5,0.0
2026-04-26T15:00,29.1,65,9.9,1004.8,0,0.0
2026-04-26T16:00,28.6,69,8.8,1005.2,98,0.0
2026-04-26T17:00,28.2,72,7.8,1005.4,60,0.0
2026-04-26T18:00,28.0,74,8.0,1005.5,9,0.0
2026-04-26T19:00,27.8,76,7.7,1005.1,1,0.0
2026-04-26T20:00,27.1,80,6.6,1004.5,80,0.0
2026-04-26T21:00,26.8,83,7.3,1004.2,2,0.0
2026-04-26T22:00,26.5,85,7.6,1003.8,94,0.0
2026-04-26T23:00,26.3,87,8.2,1003.5,81,0.0
2026-04-27T00:00,26.2,88,8.5,1003.2,0,0.0
2026-04-27T01:00,26.4,88,9.6,1003.4,0,0.0
2026-04-27T02:00,27.0,85,8.9,1003.8,0,0.0
2026-04-27T03:00,28.8,75,9.9,1004.4,0,0.0
2026-04-27T04:00,30.5,65,12.4,1004.6,0,0.0
2026-04-27T05:00,31.8,58,13.8,1004.8,0,0.0
2026-04-27T06:00,32.7,54,14.0,1004.5,0,0.0
2026-04-27T07:00,32.8,55,15.7,1004.2,0,0.0
2026-04-27T08:00,33.2,53,15.1,1003.7,0,0.0
2026-04-27T09:00,33.3,52,15.4,1002.7,0,0.0
2026-04-27T10:00,32.9,55,15.2,1001.8,0,0.0
2026-04-27T11:00,32.5,56,14.5,1001.1,0,0.0
2026-04-27T12:00,31.4,58,13.5,1001.2,0,0.0
2026-04-27T13:00,30.5,63,13.0,1001.4,0,0.0
2026-04-27T14:00,29.5,69,10.4,1001.4,5,0.0
2026-04-27T15:00,28.9,73,9.3,1001.5,0,0.0
2026-04-27T16:00,28.6,75,9.2,1002.2,3,0.0
2026-04-27T17:00,28.5,75,8.9,1002.8,0,0.0
2026-04-27T18:00,28.5,75,11.4,1002.5,0,0.0
2026-04-27T19:00,28.4,75,11.6,1002.3,0,0.0
2026-04-27T20:00,27.9,77,10.8,1002.0,0,0.0
2026-04-27T21:00,27.5,80,11.2,1001.4,0,0.0
2026-04-27T22:00,27.2,80,11.1,1001.5,0,0.0
2026-04-27T23:00,27.0,81,10.9,1001.4,0,0.0
2026-04-28T00:00,27.6,79,13.4,1000.4,0,0.0
2026-04-28T01:00,27.5,80,12.5,1000.5,0,0.0
2026-04-28T02:00,27.9,78,10.6,1001.6,0,0.0
2026-04-28T03:00,29.5,70,12.3,1002.3,0,0.0
2026-04-28T04:00,31.0,61,14.7,1003.1,0,0.0
2026-04-28T05:00,32.0,57,15.7,1003.4,0,0.0
2026-04-28T06:00,32.1,57,15.5,1004.4,0,0.0
2026-04-28T07:00,32.5,56,15.4,1004.1,0,0.0
2026-04-28T08:00,32.9,54,15.8,1003.5,0,0.0
2026-04-28T09:00,32.8,54,16.6,1002.7,0,0.0
2026-04-28T10:00,32.5,55,16.7,1001.8,1,0.0
2026-04-28T11:00,32.2,56,15.7,1001.0,0,0.0
2026-04-28T12:00,31.2,59,12.5,1001.2,1,0.0
2026-04-28T13:00,30.5,64,11.5,1001.3,10,0.0
2026-04-28T14:00,29.5,70,11.5,1001.7,1,0.0
2026-04-28T15:00,29.0,73,13.7,1001.8,0,0.0
2026-04-28T16:00,28.7,74,11.1,1002.5,0,0.0
2026-04-28T17:00,28.5,73,11.2,1003.6,0,0.0
2026-04-28T18:00,28.3,75,9.9,1003.1,0,0.0
2026-04-28T19:00,28.0,78,9.2,1002.9,0,0.0
2026-04-28T20:00,27.6,81,8.8,1002.4,0,0.0
2026-04-28T21:00,27.4,83,7.9,1002.1,0,0.0
2026-04-28T22:00,27.0,85,7.9,1001.9,0,0.0
2026-04-28T23:00,26.9,87,7.8,1001.7,0,0.0
2026-04-29T00:00,26.8,89,7.2,1001.7,0,0.0
2026-04-29T01:00,26.6,90,7.8,1002.0,0,0.0
2026-04-29T02:00,27.0,89,5.3,1002.7,2,0.0
2026-04-29T03:00,28.5,81,6.5,1003.3,1,0.0
2026-04-29T04:00,30.3,70,7.3,1003.7,2,0.0
2026-04-29T05:00,32.0,62,8.1,1003.8,8,0.0
2026-04-29T06:00,32.3,63,11.3,1004.1,74,0.0
2026-04-29T07:00,32.4,63,13.2,1003.7,0,0.0
2026-04-29T08:00,32.8,60,13.7,1003.3,0,0.0
2026-04-29T09:00,32.8,59,13.8,1002.5,6,0.0
2026-04-29T10:00,32.8,58,13.2,1001.6,5,0.0
2026-04-29T11:00,32.3,61,12.7,1001.5,9,0.0
2026-04-29T12:00,31.2,64,12.5,1001.4,9,0.0
2026-04-29T13:00,30.5,66,10.1,1001.3,4,0.0
2026-04-29T14:00,29.4,70,8.0,1001.5,1,0.0
2026-04-29T15:00,28.8,76,8.6,1001.8,41,0.0
2026-04-29T16:00,28.1,83,10.6,1002.0,1,0.0
2026-04-29T17:00,27.9,85,8.2,1002.5,0,0.0
2026-04-29T18:00,27.9,86,6.0,1002.7,0,0.0
2026-04-29T19:00,27.8,86,4.3,1002.7,0,0.0
2026-04-29T20:00,27.5,87,5.2,1002.2,0,0.0
2026-04-29T21:00,27.2,88,6.4,1001.8,0,0.0
2026-04-29T22:00,27.0,89,6.5,1001.7,0,0.0
2026-04-29T23:00,26.8,90,7.4,1001.5,0,0.0
2026-04-30T00:00,26.9,92,8.9,1001.4,0,0.0
2026-04-30T01:00,27.0,90,9.7,1001.9,0,0.0
2026-04-30T02:00,27.5,87,8.0,1002.4,0,0.0
2026-04-30T03:00,29.1,76,8.9,1003.2,0,0.0
2026-04-30T04:00,31.0,64,10.5,1003.8,0,0.0
2026-04-30T05:00,32.4,56,12.4,1004.1,0,0.0
2026-04-30T06:00,33.2,52,12.4,1004.2,0,0.0
2026-04-30T07:00,34.0,50,13.5,1003.8,0,0.0
2026-04-30T08:00,33.9,52,14.2,1003.5,0,0.0
2026-04-30T09:00,33.7,53,13.9,1002.8,0,0.0
2026-04-30T10:00,33.1,56,14.0,1002.2,0,0.0
2026-04-30T11:00,32.5,57,12.9,1001.7,5,0.0
2026-04-30T12:00,31.5,61,13.5,1001.7,2,0.0
2026-04-30T13:00,30.8,65,11.7,1001.5,2,0.0
2026-04-30T14:00,29.5,73,10.2,1001.5,0,0.0
2026-04-30T15:00,29.0,77,9.4,1002.2,0,0.0
2026-04-30T16:00,28.6,79,8.8,1002.9,0,0.0
2026-04-30T17:00,28.3,80,9.7,1003.1,0,0.0
2026-04-30T18:00,28.5,77,12.3,1002.9,0,0.0
2026-04-30T19:00,28.5,75,10.6,1002.8,0,0.0
2026-04-30T20:00,28.4,74,12.4,1002.4,0,0.0
2026-04-30T21:00,28.5,72,14.4,1001.8,0,0.0
2026-04-30T22:00,28.5,71,14.5,1001.6,0,0.0
2026-04-30T23:00,28.4,71,13.8,1001.4,0,0.0
2026-05-01T00:00,28.7,71,13.2,1001.5,0,0.0
2026-05-01T01:00,28.8,70,13.4,1001.8,0,0.0
2026-05-01T02:00,29.4,68,14.1,1002.5,0,0.0
2026-05-01T03:00,31.0,62,13.5,1003.1,0,0.0
2026-05-01T04:00,32.3,56,15.7,1003.7,0,0.0
2026-05-01T05:00,33.3,52,14.9,1003.9,0,0.0
2026-05-01T06:00,34.2,52,14.7,1003.9,0,0.0
2026-05-01T07:00,35.0,49,14.2,1003.7,0,0.0
2026-05-01T08:00,35.8,46,13.5,1002.9,0,0.0
2026-05-01T09:00,35.8,45,14.3,1002.1,0,0.0
2026-05-01T10:00,35.4,46,14.3,1001.1,0,0.0
2026-05-01T11:00,34.4,50,13.9,1000.4,0,0.0
2026-05-01T12:00,32.7,55,13.0,1000.3,0,0.0
2026-05-01T13:00,31.7,60,13.1,999.8,0,0.0
2026-05-01T14:00,31.2,60,10.7,1000.2,0,0.0
2026-05-01T15:00,31.1,58,8.4,1000.9,0,0.0
2026-05-01T16:00,31.0,56,10.9,1001.4,0,0.0
2026-05-01T17:00,30.7,56,10.2,1002.1,0,0.0
2026-05-01T18:00,30.2,58,10.2,1002.5,0,0.0
2026-05-01T19:00,30.0,60,12.8,1001.9,0,0.0
2026-05-01T20:00,29.7,61,13.5,1001.3,0,0.0
2026-05-01T21:00,29.7,59,13.6,1000.9,0,0.0
2026-05-01T22:00,29.6,59,14.6,1000.6,0,0.0
2026-05-01T23:00,29.5,61,15.6,1000.4,0,0.0
2026-05-02T00:00,29.1,65,14.1,1000.1,0,0.0
2026-05-02T01:00,29.0,63,12.8,1000.3,0,0.0
2026-05-02T02:00,29.7,60,13.5,1000.9,0,0.0
2026-05-02T03:00,31.4,57,13.3,1001.5,0,0.0
2026-05-02T04:00,33.0,51,15.5,1002.0,0,0.0
2026-05-02T05:00,34.2,46,17.1,1002.2,0,0.0
2026-05-02T06:00,34.8,43,16.1,1002.8,0,0.0
2026-05-02T07:00,35.5,40,17.3,1002.5,0,0.0
2026-05-02T08:00,35.5,41,18.9,1001.8,0,0.0
2026-05-02T09:00,35.5,41,19.4,1001.3,0,0.0
2026-05-02T10:00,35.0,42,19.1,1000.5,0,0.0
2026-05-02T11:00,34.2,45,18.3,999.8,0,0.0
2026-05-02T12:00,32.8,47,17.6,999.5,0,0.0
2026-05-02T13:00,31.8,51,17.1,999.3,0,0.0
2026-05-02T14:00,30.7,56,15.2,999.5,0,0.0
2026-05-02T15:00,30.2,58,13.5,1000.1,0,0.0
2026-05-02T16:00,30.0,57,13.5,1000.7,0,0.0
2026-05-02T17:00,30.0,57,13.0,1001.2,0,0.0
2026-05-02T18:00,30.0,56,15.5,1000.9,0,0.0
2026-05-02T19:00,30.0,56,14.8,1000.6,0,0.0
2026-05-02T20:00,29.6,56,13.1,999.8,0,0.0
2026-05-02T21:00,29.5,56,12.7,999.7,0,0.0
2026-05-02T22:00,29.1,60,13.0,999.2,0,0.0
2026-05-02T23:00,28.8,62,11.8,999.1,0,0.0
2026-05-03T00:00,28.7,66,13.9,999.2,0,0.0
2026-05-03T01:00,28.4,67,12.2,999.7,0,0.0
2026-05-03T02:00,28.6,68,10.8,1000.5,0,0.0
2026-05-03T03:00,30.4,64,8.1,1001.3,0,0.0
2026-05-03T04:00,32.9,52,6.5,1001.8,0,0.0
2026-05-03T05:00,35.4,41,6.8,1002.3,0,0.0
2026-05-03T06:00,35.7,44,10.6,1002.2,0,0.0
2026-05-03T07:00,36.2,43,12.6,1002.2,0,0.0
2026-05-03T08:00,36.7,42,13.9,1001.7,0,0.0
2026-05-03T09:00,36.5,41,14.4,1001.2,0,0.0
2026-05-03T10:00,36.1,41,13.7,1000.4,0,0.0
2026-05-03T11:00,35.2,46,12.9,1000.0,1,0.0
2026-05-03T12:00,33.0,55,12.8,999.5,1,0.0
2026-05-03T13:00,31.5,65,10.3,999.3,0,0.0
2026-05-03T14:00,30.1,71,7.0,999.5,1,0.0
2026-05-03T15:00,29.5,73,6.1,999.7,0,0.0
2026-05-03T16:00,29.1,71,16.7,1001.2,0,0.0
2026-05-03T17:00,29.0,70,9.9,1001.6,0,0.0
2026-05-03T18:00,29.9,56,10.0,1001.4,0,0.0
2026-05-03T19:00,30.5,47,11.2,1001.1,0,0.0
2026-05-03T20:00,31.0,40,13.0,1000.8,0,0.0
2026-05-03T21:00,29.9,49,10.2,1000.2,0,0.0
2026-05-03T22:00,30.3,40,10.6,999.7,0,0.0
2026-05-03T23:00,29.5,42,14.3,1000.4,0,0.0
2026-05-04T00:00,29.4,44,11.2,1000.3,0,0.0
2026-05-04T01:00,29.0,43,11.7,1000.8,0,0.0
2026-05-04T02:00,30.1,35,13.1,1001.6,0,0.0
2026-05-04T03:00,32.6,27,11.0,1002.3,0,0.0
2026-05-04T04:00,35.7,17,11.3,1002.8,0,0.0
2026-05-04T05:00,38.7,9,14.7,1003.2,0,0.0
2026-05-04T06:00,40.2,7,15.3,1003.2,0,0.0
2026-05-04T07:00,41.0,7,16.5,1002.7,0,0.0
2026-05-04T08:00,41.0,7,15.5,1002.1,0,0.0
2026-05-04T09:00,41.2,7,15.4,1001.3,0,0.0
2026-05-04T10:00,40.8,8,16.7,1000.4,0,0.0
2026-05-04T11:00,39.3,14,16.4,999.6,0,0.0
2026-05-04T12:00,38.0,16,11.0,999.6,0,0.0
2026-05-04T13:00,36.0,23,11.1,999.6,0,0.0
2026-05-04T14:00,32.7,42,12.5,1000.4,0,0.0
2026-05-04T15:00,31.9,45,9.0,1001.1,0,0.0
2026-05-04T16:00,31.5,44,5.7,1001.9,0,0.0
2026-05-04T17:00,31.0,46,6.3,1002.8,0,0.0
2026-05-04T18:00,30.4,49,9.9,1002.7,0,0.0
2026-05-04T19:00,30.0,49,6.9,1002.8,0,0.0
2026-05-04T20:00,29.5,50,5.8,1002.8,0,0.0
2026-05-04T21:00,28.8,53,7.4,1002.6,0,0.0
2026-05-04T22:00,28.5,57,10.1,1002.7,0,0.0
2026-05-04T23:00,28.4,59,11.4,1002.6,0,0.0
2026-05-05T00:00,28.6,59,10.5,1002.9,0,0.0
2026-05-05T01:00,28.6,60,9.1,1003.4,0,0.0
2026-05-05T02:00,29.0,59,6.5,1004.1,0,0.0
2026-05-05T03:00,30.9,53,5.1,1004.6,0,0.0
2026-05-05T04:00,33.0,45,5.7,1005.1,0,0.0
2026-05-05T05:00,34.5,41,6.9,1005.6,0,0.0
2026-05-05T06:00,34.0,48,12.0,1006.5,0,0.0
2026-05-05T07:00,33.5,50,15.2,1006.7,0,0.0
2026-05-05T08:00,33.2,52,16.6,1006.5,1,0.0
2026-05-05T09:00,32.5,60,16.9,1006.3,20,0.0
2026-05-05T10:00,31.8,65,16.0,1005.9,12,0.0
2026-05-05T11:00,31.8,67,14.5,1005.5,8,0.0
2026-05-05T12:00,31.2,65,13.7,1005.4,0,0.0
2026-05-05T13:00,30.1,76,11.3,1005.5,0,0.0
2026-05-05T14:00,29.1,81,9.2,1005.8,0,0.0
2026-05-05T15:00,28.4,88,5.9,1006.2,2,0.0
2026-05-05T16:00,28.0,89,6.7,1006.6,0,0.0
2026-05-05T17:00,27.6,90,5.4,1007.1,2,0.0
2026-05-05T18:00,27.3,95,7.6,1007.1,25,0.0
2026-05-05T19:00,27.4,93,10.7,1007.2,66,0.0
2026-05-05T20:00,27.1,94,8.9,1006.9,35,0.0
2026-05-05T21:00,26.9,94,5.8,1006.6,9,0.0
2026-05-05T22:00,26.6,94,3.3,1006.4,5,0.0
2026-05-05T23:00,26.4,95,1.1,1006.4,7,0.0
2026-05-06T00:00,25.6,98,5.4,1006.7,68,0.0
2026-05-06T01:00,25.4,96,4.8,1007.0,76,0.0
2026-05-06T02:00,25.5,93,3.5,1007.5,40,0.0
2026-05-06T03:00,27.4,79,2.1,1007.8,1,0.0
2026-05-06T04:00,30.6,60,1.5,1008.0,0,0.0
2026-05-06T05:00,33.3,49,5.4,1008.0,0,0.0
2026-05-06T06:00,32.5,63,13.4,1008.2,0,0.0
2026-05-06T07:00,32.5,61,14.0,1007.8,0,0.0
2026-05-06T08:00,32.5,60,15.3,1007.2,0,0.0
2026-05-06T09:00,32.2,61,16.4,1006.7,0,0.0
2026-05-06T10:00,31.8,61,15.1,1005.9,1,0.0
2026-05-06T11:00,31.5,60,15.2,1005.3,0,0.0
2026-05-06T12:00,30.5,62,12.6,1005.3,0,0.0
2026-05-06T13:00,29.8,67,11.4,1004.6,9,0.0
2026-05-06T14:00,27.9,82,10.6,1004.1,5,0.0
2026-05-06T15:00,27.5,84,11.2,1005.0,25,0.0
2026-05-06T16:00,27.5,85,9.4,1005.7,10,0.0
2026-05-06T17:00,27.2,87,7.6,1005.9,9,0.0
2026-05-06T18:00,27.5,88,9.1,1005.9,7,0.0
2026-05-06T19:00,27.2,89,7.7,1005.2,2,0.0
2026-05-06T20:00,27.0,90,7.6,1004.4,2,0.0
2026-05-06T21:00,26.9,92,8.5,1004.2,2,0.0
2026-05-06T22:00,26.5,95,9.6,1003.7,20,0.0
2026-05-06T23:00,26.3,96,9.4,1003.8,16,0.0
2026-05-07T00:00,26.5,94,12.5,1003.8,5,0.0
2026-05-07T01:00,26.6,93,12.8,1004.0,20,0.0
2026-05-07T02:00,27.4,89,14.2,1004.6,21,0.0
2026-05-07T03:00,28.8,78,15.1,1005.1,40,0.0
2026-05-07T04:00,30.1,70,15.5,1005.3,37,0.0
2026-05-07T05:00,31.2,64,15.7,1005.4,13,0.0
2026-05-07T06:00,31.9,63,16.1,1005.5,23,0.0
2026-05-07T07:00,32.3,61,15.8,1005.3,5,0.0
2026-05-07T08:00,32.5,59,16.1,1005.1,6,0.0
2026-05-07T09:00,32.1,61,16.6,1004.7,11,0.0
2026-05-07T10:00,31.6,65,16.5,1004.3,12,0.0
2026-05-07T11:00,31.0,68,15.7,1004.0,7,0.0
2026-05-07T12:00,30.1,74,17.1,1003.5,0,0.0
2026-05-07T13:00,29.5,78,16.7,1003.5,0,0.0
2026-05-07T14:00,28.8,83,14.2,1003.9,8,0.0
2026-05-07T15:00,28.6,85,13.9,1003.8,5,0.0
2026-05-07T16:00,28.4,87,14.9,1004.3,4,0.0
2026-05-07T17:00,28.2,88,10.5,1005.6,5,0.0
2026-05-07T18:00,28.1,89,8.8,1005.7,2,0.0
2026-05-07T19:00,28.1,88,6.5,1005.6,6,0.0
2026-05-07T20:00,27.8,90,7.9,1004.7,1,0.0
2026-05-07T21:00,27.5,91,8.4,1004.0,1,0.0
2026-05-07T22:00,27.3,92,7.6,1003.7,0,0.0
2026-05-07T23:00,27.1,93,7.3,1003.4,1,0.0
2026-05-08T00:00,26.9,95,6.5,1003.8,13,0.0
2026-05-08T01:00,27.0,95,7.2,1004.3,22,0.0
2026-05-08T02:00,27.6,90,8.1,1004.9,24,0.0
2026-05-08T03:00,28.7,83,8.6,1005.3,18,0.0
2026-05-08T04:00,30.0,74,7.9,1005.9,22,0.0
2026-05-08T05:00,31.3,67,8.1,1006.0,16,0.0
2026-05-08T06:00,31.6,67,12.0,1006.3,15,0.0
2026-05-08T07:00,32.0,65,13.6,1006.2,7,0.0
2026-05-08T08:00,32.0,65,14.2,1006.1,10,0.0
2026-05-08T09:00,31.9,65,14.3,1005.9,19,0.0
2026-05-08T10:00,31.6,66,13.9,1005.4,4,0.0
2026-05-08T11:00,31.4,68,13.3,1005.0,3,0.0
2026-05-08T12:00,30.8,69,13.0,1005.0,0,0.0
2026-05-08T13:00,30.0,76,12.3,1005.2,1,0.0
2026-05-08T14:00,29.2,82,12.6,1005.6,0,0.0
2026-05-08T15:00,28.9,85,11.7,1006.0,15,0.0
2026-05-08T16:00,28.5,87,12.1,1006.5,14,0.0
2026-05-08T17:00,28.4,88,13.0,1006.8,13,0.0
2026-05-08T18:00,28.5,88,12.5,1006.9,40,0.0
2026-05-08T19:00,28.4,88,10.5,1007.0,40,0.1
2026-05-08T20:00,28.3,87,8.7,1006.9,43,0.1
2026-05-08T21:00,27.8,92,8.0,1006.2,50,0.0
2026-05-08T22:00,27.4,95,7.2,1005.8,20,0.0
2026-05-08T23:00,27.1,97,5.9,1006.0,25,0.0
2026-05-09T00:00,27.0,97,6.0,1006.1,17,0.0
2026-05-09T01:00,27.1,96,4.5,1006.8,98,0.0
2026-05-09T02:00,27.5,92,3.6,1007.4,35,0.0
2026-05-09T03:00,28.8,82,5.3,1008.1,6,0.0
2026-05-09T04:00,30.1,74,7.5,1008.4,11,0.0
2026-05-09T05:00,31.0,68,10.3,1008.5,5,0.0
2026-05-09T06:00,31.5,65,12.2,1008.5,2,0.0
2026-05-09T07:00,32.0,63,13.4,1008.0,5,0.0
2026-05-09T08:00,32.0,64,13.8,1007.7,5,0.0
2026-05-09T09:00,32.0,64,14.4,1007.0,2,0.0
2026-05-09T10:00,31.8,66,14.6,1006.4,13,0.0
2026-05-09T11:00,31.4,67,14.2,1005.9,10,0.0
2026-05-09T12:00,30.5,71,13.6,1005.9,2,0.0
2026-05-09T13:00,29.8,75,12.4,1005.8,1,0.0
2026-05-09T14:00,28.9,81,11.1,1006.2,2,0.0
2026-05-09T15:00,28.4,86,10.1,1006.5,8,0.0
2026-05-09T16:00,28.1,87,9.6,1007.0,8,0.0
2026-05-09T17:00,28.0,89,9.2,1007.3,7,0.0
2026-05-09T18:00,28.0,90,8.7,1007.1,0,0.0
2026-05-09T19:00,27.9,90,10.1,1006.8,2,0.0
2026-05-09T20:00,27.6,90,9.6,1006.5,20,0.0
2026-05-09T21:00,27.5,90,9.6,1006.1,24,0.0
2026-05-09T22:00,27.2,92,9.1,1006.0,10,0.0
2026-05-09T23:00,27.0,93,9.1,1005.6,34,0.0
2026-05-10T00:00,26.9,94,8.6,1005.5,16,0.0
2026-05-10T01:00,27.0,93,8.3,1005.9,11,0.0
2026-05-10T02:00,27.6,89,8.5,1006.5,10,0.0
2026-05-10T03:00,29.0,80,9.0,1007.3,11,0.0
2026-05-10T04:00,30.2,73,10.5,1007.4,10,0.0
2026-05-10T05:00,31.0,69,12.7,1007.6,16,0.0
2026-05-10T06:00,31.5,67,13.3,1007.5,13,0.0
2026-05-10T07:00,32.3,61,14.4,1007.2,2,0.0
2026-05-10T08:00,32.5,61,15.3,1006.7,2,0.0
2026-05-10T09:00,32.4,61,15.9,1005.9,1,0.0
2026-05-10T10:00,32.0,64,16.0,1005.0,1,0.0
2026-05-10T11:00,31.6,66,15.5,1004.5,0,0.0
2026-05-10T12:00,30.9,68,13.2,1004.2,0,0.0
2026-05-10T13:00,30.2,72,11.7,1004.2,0,0.0
2026-05-10T14:00,29.5,78,10.1,1004.7,0,0.0
2026-05-10T15:00,29.0,82,9.1,1005.1,0,0.0
2026-05-10T16:00,28.5,84,9.5,1005.3,0,0.0
2026-05-10T17:00,28.2,87,8.4,1005.7,0,0.0
2026-05-10T18:00,28.1,89,8.6,1005.7,0,0.0
2026-05-10T19:00,28.1,89,9.6,1005.5,2,0.0
2026-05-10T20:00,27.8,91,8.1,1004.8,4,0.0
2026-05-10T21:00,27.5,93,8.5,1004.6,3,0.0
2026-05-10T22:00,27.2,94,8.7,1004.3,3,0.0
2026-05-10T23:00,27.1,94,7.4,1004.2,10,0.0
2026-05-11T00:00,26.9,95,7.7,1004.1,30,0.0
2026-05-11T01:00,27.0,95,8.7,1004.6,35,0.0
2026-05-11T02:00,27.9,89,9.3,1005.3,16,0.0
2026-05-11T03:00,29.0,81,10.2,1006.1,30,0.0
2026-05-11T04:00,30.2,73,12.0,1006.4,38,0.0
2026-05-11T05:00,31.0,70,13.4,1006.5,23,0.0
2026-05-11T06:00,31.8,67,14.8,1006.7,30,0.0
2026-05-11T07:00,32.5,63,15.6,1006.3,41,0.0
2026-05-11T08:00,32.8,63,15.6,1005.8,15,0.0
2026-05-11T09:00,32.8,62,14.3,1004.9,4,0.0
2026-05-11T10:00,32.8,63,14.3,1004.1,14,0.0
2026-05-11T11:00,32.3,66,13.5,1003.6,3,0.0
2026-05-11T12:00,31.4,70,12.8,1003.2,2,0.0
2026-05-11T13:00,30.4,75,11.0,1003.3,0,0.0
2026-05-11T14:00,29.5,79,8.3,1003.8,1,0.0
2026-05-11T15:00,29.0,83,8.3,1003.9,1,0.0
2026-05-11T16:00,28.7,86,8.6,1004.2,1,0.0
2026-05-11T17:00,28.5,86,8.8,1004.5,0,0.0
2026-05-11T18:00,28.5,88,7.9,1004.8,23,0.0
2026-05-11T19:00,28.4,88,7.7,1004.6,13,0.0
2026-05-11T20:00,28.2,90,7.4,1004.3,12,0.0
2026-05-11T21:00,28.0,92,6.0,1003.7,11,0.0
2026-05-11T22:00,27.8,93,7.3,1003.4,13,0.0
2026-05-11T23:00,27.7,93,8.9,1003.1,17,0.0
2026-05-12T00:00,28.0,92,9.0,1002.8,16,0.0
2026-05-12T01:00,28.0,92,8.7,1003.1,17,0.0
2026-05-12T02:00,28.6,88,9.7,1003.8,16,0.0
2026-05-12T03:00,29.7,80,7.8,1004.4,13,0.0
2026-05-12T04:00,31.0,72,8.4,1004.6,2,0.0
2026-05-12T05:00,32.2,67,9.5,1004.7,0,0.0
2026-05-12T06:00,33.8,57,9.5,1004.4,0,0.0
2026-05-12T07:00,34.4,54,10.3,1003.6,0,0.0
2026-05-12T08:00,34.9,51,10.8,1002.8,0,0.0
2026-05-12T09:00,34.8,52,12.0,1002.0,0,0.0
2026-05-12T10:00,34.2,53,12.5,1001.1,0,0.0
2026-05-12T11:00,33.3,56,12.0,1000.5,22,0.0
2026-05-12T12:00,33.5,57,10.3,1000.4,19,0.0
2026-05-12T13:00,32.0,62,9.8,1000.3,51,0.0
2026-05-12T14:00,30.7,71,7.0,1000.9,88,0.0
2026-05-12T15:00,30.0,79,9.1,1001.2,75,0.0
2026-05-12T16:00,29.6,82,8.4,1001.5,58,0.0
2026-05-12T17:00,29.4,82,7.1,1002.0,10,0.0
2026-05-12T18:00,29.4,81,8.4,1001.9,5,0.0
2026-05-12T19:00,29.1,81,6.6,1001.7,6,0.0
2026-05-12T20:00,28.8,82,4.6,1001.3,0,0.0
2026-05-12T21:00,28.4,84,2.7,1000.8,0,0.0
2026-05-12T22:00,28.1,85,2.4,1000.3,0,0.0
2026-05-12T23:00,27.6,88,4.9,1000.2,0,0.0
2026-05-13T00:00,27.5,93,4.7,1000.3,0,0.0
2026-05-13T01:00,27.3,93,5.6,1000.9,0,0.0
2026-05-13T02:00,28.5,86,4.0,1001.4,0,0.0
2026-05-13T03:00,30.8,70,5.3,1002.0,0,0.0
2026-05-13T04:00,32.7,58,7.2,1002.4,0,0.0
2026-05-13T05:00,34.2,53,8.7,1002.7,0,0.0
2026-05-13T06:00,35.7,45,13.1,1002.6,0,0.0
2026-05-13T07:00,36.2,39,17.3,1002.2,0,0.0
2026-05-13T08:00,36.3,38,19.8,1001.8,0,0.0
2026-05-13T09:00,36.6,35,20.5,1001.1,0,0.0
2026-05-13T10:00,36.3,36,19.9,1000.5,0,0.0
2026-05-13T11:00,35.3,39,20.4,1000.0,0,0.0
2026-05-13T12:00,34.6,42,22.4,999.5,0,0.0
2026-05-13T13:00,33.3,46,19.5,999.4,0,0.0
2026-05-13T14:00,32.2,50,16.8,999.5,0,0.0
2026-05-13T15:00,31.8,51,14.1,1000.2,0,0.0
2026-05-13T16:00,31.4,53,15.2,1000.6,0,0.0
2026-05-13T17:00,30.9,56,15.3,1001.0,0,0.0
2026-05-13T18:00,30.8,58,13.9,1000.7,0,0.0
2026-05-13T19:00,30.2,60,13.2,1000.6,0,0.0
2026-05-13T20:00,29.6,66,11.9,1000.4,0,0.0
2026-05-13T21:00,29.0,71,11.7,1000.3,0,0.0
2026-05-13T22:00,28.6,75,13.2,1000.5,0,0.0
2026-05-13T23:00,28.5,78,14.1,1000.7,0,0.0
2026-05-14T00:00,28.2,84,14.0,1001.0,0,0.0
2026-05-14T01:00,27.9,87,15.0,1001.5,0,0.0
2026-05-14T02:00,28.5,86,15.7,1002.5,1,0.0
2026-05-14T03:00,29.6,79,17.4,1003.0,1,0.0
2026-05-14T04:00,30.6,73,18.4,1003.6,5,0.0
2026-05-14T05:00,31.5,69,18.9,1004.0,17,0.0
2026-05-14T06:00,32.3,64,20.1,1004.3,29,0.0
2026-05-14T07:00,32.5,62,20.6,1003.7,38,0.0
2026-05-14T08:00,32.8,62,19.8,1003.1,33,0.0
2026-05-14T09:00,32.7,62,19.2,1002.5,5,0.0
2026-05-14T10:00,32.3,63,18.6,1001.7,15,0.0
2026-05-14T11:00,31.6,67,18.2,1001.1,9,0.0
2026-05-14T12:00,31.0,69,18.0,1000.7,8,0.0
2026-05-14T13:00,29.8,75,18.1,1000.5,26,0.0
2026-05-14T14:00,29.1,78,17.3,1000.7,16,0.0
2026-05-14T15:00,28.9,78,16.9,1001.0,32,0.0
2026-05-14T16:00,28.6,80,16.3,1001.6,28,0.0
2026-05-14T17:00,28.5,81,15.9,1002.2,38,0.0
2026-05-14T18:00,28.7,82,14.2,1001.8,85,0.0
2026-05-14T19:00,28.6,82,13.6,1001.9,71,0.0
2026-05-14T20:00,28.4,84,14.8,1001.6,59,0.0
2026-05-14T21:00,28.2,85,14.5,1001.2,42,0.0
2026-05-14T22:00,28.2,85,14.7,1001.2,35,0.0
2026-05-14T23:00,28.2,85,16.0,1001.2,40,0.0
2026-05-15T00:00,28.5,80,15.4,1001.5,30,0.0
2026-05-15T01:00,28.3,80,14.2,1002.0,29,0.0
2026-05-15T02:00,28.9,76,17.5,1003.0,35,0.0
2026-05-15T03:00,29.9,68,16.2,1003.6,36,0.0
2026-05-15T04:00,30.9,63,18.7,1004.1,43,0.1
2026-05-15T05:00,31.8,60,17.7,1004.7,43,0.0
2026-05-15T06:00,32.4,58,17.4,1005.1,72,0.0
2026-05-15T07:00,32.8,56,17.3,1004.4,49,0.0
2026-05-15T08:00,32.9,58,17.3,1003.8,40,0.0
2026-05-15T09:00,32.8,59,16.9,1003.1,48,0.0
2026-05-15T10:00,32.5,62,16.4,1002.2,26,0.0
2026-05-15T11:00,32.0,64,16.1,1001.5,42,0.0
2026-05-15T12:00,31.5,66,15.3,1001.3,0,0.0
2026-05-15T13:00,30.4,72,14.5,1001.2,1,0.0
2026-05-15T14:00,29.5,79,13.4,1001.6,2,0.0
2026-05-15T15:00,29.0,83,12.1,1002.1,3,0.0
2026-05-15T16:00,28.7,84,11.3,1002.7,3,0.0
2026-05-15T17:00,28.5,85,11.7,1003.2,9,0.0
2026-05-15T18:00,28.7,83,12.8,1003.3,33,0.0
2026-05-15T19:00,28.5,84,13.7,1003.3,19,0.0
2026-05-15T20:00,28.2,85,12.6,1002.8,26,0.0
2026-05-15T21:00,28.0,86,10.9,1002.4,41,0.0
2026-05-15T22:00,27.9,86,10.6,1002.7,40,0.0
2026-05-15T23:00,27.8,86,9.1,1003.2,34,0.0
2026-05-16T00:00,27.7,86,9.6,1003.5,31,0.0
2026-05-16T01:00,27.6,86,9.0,1003.8,4,0.0
2026-05-16T02:00,28.5,79,8.8,1004.3,7,0.0
2026-05-16T03:00,29.7,71,9.8,1004.8,23,0.0
2026-05-16T04:00,31.0,65,10.8,1005.3,20,0.0
2026-05-16T05:00,31.8,61,11.8,1005.2,20,0.0
2026-05-16T06:00,32.8,58,12.8,1005.1,26,0.0
2026-05-16T07:00,33.0,57,14.2,1004.7,1,0.0
2026-05-16T08:00,33.3,55,13.4,1004.3,0,0.0
2026-05-16T09:00,33.2,55,13.9,1004.0,0,0.0
2026-05-16T10:00,32.6,57,14.3,1003.6,0,0.0
2026-05-16T11:00,31.8,61,14.4,1003.2,0,0.0
2026-05-16T12:00,31.2,63,13.1,1003.2,0,0.0
2026-05-16T13:00,30.0,69,12.6,1003.4,0,0.0
2026-05-16T14:00,28.9,76,11.5,1003.5,0,0.0
2026-05-16T15:00,28.5,80,10.4,1004.2,0,0.0
2026-05-16T16:00,28.2,83,9.3,1004.8,6,0.0
2026-05-16T17:00,28.0,84,9.9,1005.4,21,0.0
2026-05-16T18:00,28.1,85,11.2,1005.2,18,0.0
2026-05-16T19:00,27.8,87,11.9,1005.2,20,0.0
2026-05-16T20:00,27.4,89,11.5,1004.8,30,0.0
2026-05-16T21:00,27.2,88,11.9,1004.6,37,0.0
2026-05-16T22:00,27.0,88,11.7,1004.5,30,0.0
2026-05-16T23:00,27.0,87,12.0,1004.6,30,0.0
2026-05-17T00:00,27.1,88,12.7,1004.8,41,0.0
2026-05-17T01:00,27.0,88,11.7,1005.2,18,0.0
2026-05-17T02:00,27.6,82,12.4,1005.7,1,0.0
2026-05-17T03:00,28.9,74,12.3,1006.2,2,0.0
2026-05-17T04:00,30.5,64,12.5,1006.7,0,0.0
2026-05-17T05:00,32.0,56,13.1,1007.0,0,0.0
2026-05-17T06:00,33.3,44,13.5,1007.2,0,0.0
2026-05-17T07:00,33.7,45,14.5,1006.9,1,0.0
2026-05-17T08:00,33.9,44,14.7,1006.4,1,0.0
2026-05-17T09:00,33.8,45,15.2,1005.8,0,0.0
2026-05-17T10:00,33.2,46,15.4,1005.1,0,0.0
2026-05-17T11:00,32.2,52,15.3,1004.6,0,0.0
2026-05-17T12:00,31.1,63,15.1,1004.4,0,0.0
2026-05-17T13:00,29.6,71,14.6,1004.4,0,0.0
2026-05-17T14:00,28.4,79,13.6,1004.5,7,0.0
2026-05-17T15:00,28.0,81,13.4,1004.7,9,0.0
2026-05-17T16:00,27.9,82,14.1,1005.2,13,0.0
2026-05-17T17:00,27.7,83,14.3,1005.7,16,0.0
2026-05-17T18:00,28.0,80,14.6,1005.3,44,0.0
2026-05-17T19:00,27.7,83,13.7,1005.1,50,0.0
2026-05-17T20:00,27.4,85,13.9,1004.4,38,0.0
2026-05-17T21:00,27.2,86,13.9,1004.0,37,0.0
2026-05-17T22:00,27.1,87,13.3,1003.8,44,0.0
2026-05-17T23:00,27.0,86,13.3,1004.0,44,0.0
2026-05-18T00:00,27.0,85,14.1,1003.9,42,0.0
2026-05-18T01:00,27.1,82,14.6,1004.0,52,0.0
2026-05-18T02:00,27.9,76,17.0,1004.5,30,0.0
2026-05-18T03:00,28.8,71,18.0,1005.0,24,0.0
2026-05-18T04:00,30.0,65,18.4,1005.3,16,0.0
2026-05-18T05:00,31.0,61,17.5,1005.4,5,0.0
2026-05-18T06:00,32.0,58,18.4,1005.3,8,0.0
2026-05-18T07:00,32.2,57,19.1,1005.1,2,0.0
2026-05-18T08:00,32.2,56,19.6,1004.6,0,0.0
2026-05-18T09:00,32.1,59,19.6,1004.2,5,0.0
2026-05-18T10:00,31.7,62,19.7,1003.7,2,0.0
2026-05-18T11:00,31.2,64,19.8,1003.1,4,0.0
2026-05-18T12:00,30.8,66,18.9,1002.4,1,0.0
2026-05-18T13:00,29.6,72,18.4,1002.5,5,0.0
2026-05-18T14:00,28.8,77,17.6,1002.5,27,0.0
2026-05-18T15:00,28.5,79,16.9,1002.7,8,0.0
2026-05-18T16:00,28.5,79,17.9,1003.1,23,0.0
2026-05-18T17:00,28.5,80,17.0,1003.4,30,0.0
2026-05-18T18:00,28.5,80,16.4,1003.1,24,0.0
2026-05-18T19:00,28.4,81,17.3,1003.1,27,0.0
2026-05-18T20:00,28.2,83,15.1,1002.4,31,0.0
2026-05-18T21:00,28.2,82,15.6,1002.1,19,0.0
2026-05-18T22:00,28.2,81,15.9,1001.8,38,0.0
2026-05-18T23:00,28.2,82,16.6,1001.8,25,0.0
2026-05-19T00:00,28.3,82,16.8,1001.9,31,0.0
2026-05-19T01:00,28.3,82,17.2,1002.3,32,0.0
2026-05-19T02:00,29.0,79,19.7,1003.0,30,0.0
2026-05-19T03:00,30.0,72,21.3,1003.4,38,0.0
2026-05-19T04:00,31.0,67,21.2,1003.9,20,0.0
2026-05-19T05:00,31.9,66,20.2,1004.1,2,0.0
2026-05-19T06:00,32.8,63,19.6,1004.2,0,0.0
2026-05-19T07:00,33.0,63,19.5,1003.8,0,0.0
2026-05-19T08:00,33.1,63,19.6,1003.1,0,0.0
2026-05-19T09:00,32.9,65,19.2,1002.5,1,0.0
2026-05-19T10:00,32.5,67,18.6,1002.0,1,0.0
2026-05-19T11:00,31.9,71,17.7,1001.4,0,0.0
2026-05-19T12:00,31.5,70,17.1,1001.3,0,0.0
2026-05-19T13:00,30.4,76,16.1,1001.4,0,0.0
2026-05-19T14:00,29.5,82,14.7,1001.5,0,0.0
2026-05-19T15:00,29.0,86,12.6,1002.0,2,0.0
2026-05-19T16:00,28.9,87,10.1,1002.5,5,0.0
2026-05-19T17:00,28.6,87,9.9,1003.2,13,0.0
2026-05-19T18:00,28.9,87,10.7,1003.2,6,0.0
2026-05-19T19:00,28.5,90,11.2,1003.0,16,0.0
2026-05-19T20:00,28.2,91,11.8,1002.5,19,0.0
2026-05-19T21:00,28.0,92,12.1,1002.3,16,0.0
2026-05-19T22:00,27.8,93,11.3,1002.1,23,0.0
2026-05-19T23:00,27.6,93,12.1,1002.2,13,0.0
2026-05-20T00:00,27.9,90,13.0,1002.4,18,0.0
2026-05-20T01:00,27.8,89,14.0,1002.9,17,0.0
2026-05-20T02:00,28.5,82,16.0,1003.7,11,0.0
2026-05-20T03:00,29.5,75,15.4,1004.1,4,0.0
2026-05-20T04:00,30.4,70,15.8,1004.5,9,0.0
2026-05-20T05:00,31.2,67,16.4,1004.7,10,0.0
2026-05-20T06:00,32.5,63,17.0,1004.5,1,0.0
2026-05-20T07:00,33.0,58,17.1,1004.2,0,0.0
2026-05-20T08:00,33.2,56,17.4,1003.6,2,0.0
2026-05-20T09:00,33.2,57,17.0,1003.0,2,0.0
2026-05-20T10:00,32.8,59,16.7,1002.4,4,0.0
2026-05-20T11:00,32.1,64,16.9,1001.8,8,0.0
2026-05-20T12:00,31.6,63,15.8,1001.7,0,0.0
2026-05-20T13:00,30.4,71,14.6,1001.5,9,0.0
2026-05-20T14:00,29.4,78,12.5,1001.8,0,0.0
2026-05-20T15:00,28.9,83,11.8,1002.2,0,0.0
2026-05-20T16:00,28.6,85,12.0,1002.7,1,0.0
2026-05-20T17:00,28.5,86,13.2,1003.3,16,0.0
2026-05-20T18:00,28.8,85,16.3,1003.3,26,0.0
2026-05-20T19:00,28.7,84,15.3,1003.1,23,0.0
2026-05-20T20:00,28.3,88,14.0,1002.7,24,0.0
2026-05-20T21:00,28.2,88,14.2,1002.4,21,0.0
2026-05-20T22:00,28.1,86,14.1,1002.3,41,0.0
2026-05-20T23:00,28.2,83,13.7,1002.4,56,0.0
2026-05-21T00:00,28.3,84,12.5,1002.4,26,0.0
2026-05-21T01:00,28.1,84,12.1,1003.0,23,0.0
2026-05-21T02:00,28.7,80,13.6,1003.6,20,0.0
2026-05-21T03:00,29.8,74,14.9,1004.2,13,0.0
2026-05-21T04:00,30.9,67,15.5,1004.4,15,0.0
2026-05-21T05:00,31.5,65,15.9,1004.6,21,0.0
2026-05-21T06:00,32.5,62,15.9,1004.6,25,0.0
2026-05-21T07:00,32.5,63,15.9,1004.4,8,0.0
2026-05-21T08:00,32.6,63,16.6,1003.9,12,0.0
2026-05-21T09:00,32.4,64,16.7,1003.3,14,0.0
2026-05-21T10:00,32.1,65,17.1,1002.9,29,0.0
2026-05-21T11:00,31.7,66,16.1,1002.5,26,0.0
2026-05-21T12:00,31.5,66,15.3,1002.5,15,0.0
2026-05-21T13:00,30.5,70,15.4,1002.7,27,0.0
2026-05-21T14:00,29.9,73,15.0,1003.2,24,0.0
2026-05-21T15:00,29.5,75,14.4,1003.7,23,0.0
2026-05-21T16:00,29.2,78,13.2,1004.3,9,0.0
2026-05-21T17:00,29.0,81,12.7,1004.8,14,0.0
2026-05-21T18:00,29.0,81,13.3,1004.9,24,0.0
2026-05-21T19:00,28.7,82,13.0,1004.9,27,0.0
2026-05-21T20:00,28.5,84,12.2,1004.7,19,0.0
2026-05-21T21:00,28.3,85,11.3,1004.4,17,0.0
2026-05-21T22:00,28.0,87,10.6,1004.7,27,0.0
2026-05-21T23:00,27.9,88,9.7,1004.9,15,0.0
2026-05-22T00:00,28.1,86,9.6,1004.9,8,0.0
2026-05-22T01:00,27.9,87,9.7,1005.4,4,0.0
2026-05-22T02:00,28.6,82,10.2,1006.3,9,0.0
2026-05-22T03:00,29.9,75,10.5,1006.9,13,0.0
2026-05-22T04:00,30.9,70,10.8,1007.4,18,0.0
2026-05-22T05:00,31.6,67,11.8,1007.7,20,0.0
2026-05-22T06:00,32.3,63,11.7,1007.7,19,0.0
2026-05-22T07:00,32.7,61,12.4,1007.4,3,0.0
2026-05-22T08:00,33.0,59,13.2,1006.8,0,0.0
2026-05-22T09:00,32.9,60,14.1,1006.1,0,0.0
2026-05-22T10:00,32.3,62,15.2,1005.6,0,0.0
2026-05-22T11:00,31.5,66,15.6,1005.4,0,0.0
2026-05-22T12:00,31.2,70,13.7,1005.3,2,0.0
2026-05-22T13:00,30.1,75,13.7,1005.6,14,0.0
2026-05-22T14:00,29.5,78,13.1,1006.0,27,0.0
2026-05-22T15:00,29.4,79,14.8,1006.5,35,0.0
2026-05-22T16:00,29.2,79,15.7,1006.8,21,0.0
2026-05-22T17:00,29.1,79,14.5,1007.4,34,0.0
2026-05-22T18:00,29.1,80,14.3,1007.5,26,0.0
2026-05-22T19:00,29.0,80,13.7,1007.5,62,0.0
2026-05-22T20:00,28.8,81,12.8,1007.3,28,0.0
2026-05-22T21:00,28.5,83,11.8,1007.2,8,0.0
2026-05-22T22:00,28.4,82,10.7,1007.1,10,0.0
2026-05-22T23:00,28.2,82,10.0,1007.2,18,0.0
2026-05-23T00:00,28.0,82,10.3,1007.0,5,0.0
2026-05-23T01:00,27.6,84,10.0,1007.4,3,0.0
2026-05-23T02:00,28.3,78,10.3,1007.8,0,0.0
2026-05-23T03:00,29.4,73,9.9,1008.3,1,0.0
2026-05-23T04:00,30.6,66,10.7,1008.8,2,0.0
2026-05-23T05:00,31.5,62,12.0,1009.0,2,0.0
2026-05-23T06:00,32.3,60,12.8,1008.7,2,0.0
2026-05-23T07:00,32.5,58,13.4,1008.4,0,0.0
2026-05-23T08:00,32.5,58,14.4,1007.9,0,0.0
2026-05-23T09:00,32.0,62,15.5,1007.4,2,0.0
2026-05-23T10:00,31.5,65,16.4,1007.0,2,0.0
2026-05-23T11:00,31.0,67,16.7,1006.5,9,0.0
2026-05-23T12:00,30.9,67,15.8,1006.3,10,0.0
2026-05-23T13:00,29.9,71,14.9,1006.1,8,0.0
2026-05-23T14:00,29.0,76,14.0,1006.1,9,0.0
2026-05-23T15:00,28.5,78,13.4,1006.4,35,0.0
2026-05-23T16:00,28.6,77,13.9,1007.0,27,0.0
2026-05-23T17:00,28.5,78,14.3,1007.6,27,0.0
2026-05-23T18:00,28.5,79,14.0,1007.5,30,0.0
2026-05-23T19:00,28.2,80,13.6,1007.2,41,0.0
2026-05-23T20:00,28.0,82,14.3,1006.7,23,0.0
2026-05-23T21:00,27.8,82,14.6,1006.3,51,0.0
2026-05-23T22:00,27.8,81,14.6,1006.0,51,0.0
2026-05-23T23:00,27.8,79,14.2,1006.4,50,0.0
2026-05-24T00:00,27.9,81,14.8,1006.7,13,0.0
2026-05-24T01:00,28.0,78,14.5,1007.2,2,0.0
2026-05-24T02:00,28.8,73,15.6,1007.9,6,0.0
2026-05-24T03:00,29.6,70,17.7,1008.4,15,0.0
2026-05-24T04:00,30.6,65,18.3,1008.7,28,0.0
2026-05-24T05:00,31.5,61,18.8,1008.8,30,0.0
2026-05-24T06:00,32.3,60,19.8,1008.7,36,0.0
2026-05-24T07:00,32.7,58,20.0,1008.3,52,0.0
2026-05-24T08:00,32.6,59,19.2,1007.6,7,0.0
2026-05-24T09:00,32.8,59,18.8,1006.8,1,0.0
2026-05-24T10:00,32.5,62,18.7,1005.9,0,0.0
2026-05-24T11:00,31.8,66,18.6,1005.6,0,0.0
2026-05-24T12:00,31.0,67,18.3,1005.5,0,0.0
2026-05-24T13:00,30.0,72,17.2,1005.4,0,0.0
2026-05-24T14:00,29.1,79,16.4,1005.7,6,0.0
2026-05-24T15:00,28.8,81,17.6,1006.0,18,0.0
2026-05-24T16:00,28.8,80,18.2,1006.4,39,0.0
2026-05-24T17:00,28.8,81,16.9,1007.1,23,0.0
2026-05-24T18:00,28.9,79,17.4,1007.1,38,0.0
2026-05-24T19:00,28.7,80,17.6,1006.7,34,0.0
2026-05-24T20:00,28.8,78,17.4,1006.1,29,0.0
2026-05-24T21:00,28.5,81,17.6,1005.8,20,0.0
2026-05-24T22:00,28.4,82,17.7,1005.4,34,0.0
2026-05-24T23:00,28.4,81,17.1,1005.2,27,0.0
2026-05-25T00:00,28.0,87,16.2,1005.4,28,0.0
2026-05-25T01:00,28.1,87,15.8,1005.4,46,0.0
2026-05-25T02:00,29.0,82,17.6,1006.0,32,0.0
2026-05-25T03:00,30.2,74,18.0,1006.4,53,0.0
2026-05-25T04:00,31.2,69,18.4,1006.8,100,0.0
2026-05-25T05:00,32.0,66,17.3,1007.0,94,0.0
2026-05-25T06:00,32.3,66,18.0,1006.8,94,0.0
2026-05-25T07:00,32.6,65,19.0,1006.5,91,0.0
2026-05-25T08:00,32.9,64,20.3,1005.7,73,0.0
2026-05-25T09:00,32.9,65,20.2,1004.9,32,0.0
2026-05-25T10:00,32.3,68,19.8,1004.1,13,0.0
2026-05-25T11:00,31.8,72,18.6,1003.5,5,0.0
2026-05-25T12:00,31.5,72,16.9,1003.2,2,0.0
2026-05-25T13:00,30.5,78,13.9,1003.2,5,0.0
2026-05-25T14:00,29.6,83,13.0,1003.6,13,0.0
2026-05-25T15:00,29.4,84,12.7,1004.0,36,0.0
2026-05-25T16:00,29.2,85,11.3,1004.3,34,0.0
2026-05-25T17:00,29.0,87,10.2,1004.7,30,0.0
2026-05-25T18:00,29.2,87,10.3,1004.9,16,0.0
2026-05-25T19:00,28.8,90,10.5,1004.6,17,0.0
2026-05-25T20:00,28.5,92,10.6,1004.4,8,0.0
2026-05-25T21:00,28.3,93,12.7,1003.9,11,0.0
2026-05-25T22:00,28.1,93,13.3,1003.6,13,0.0
2026-05-25T23:00,28.1,93,13.5,1003.6,18,0.0
2026-05-26T00:00,28.1,93,13.2,1003.8,20,0.0
2026-05-26T01:00,28.0,94,12.7,1004.1,23,0.0
2026-05-26T02:00,28.8,88,13.3,1004.8,25,0.0
2026-05-26T03:00,30.0,80,12.0,1005.3,16,0.0
2026-05-26T04:00,31.1,75,11.4,1005.5,14,0.0
2026-05-26T05:00,32.2,71,11.3,1005.8,6,0.0
2026-05-26T06:00,33.2,66,13.5,1005.7,4,0.0
2026-05-26T07:00,33.7,63,14.5,1005.4,0,0.0
2026-05-26T08:00,33.8,63,15.7,1004.9,0,0.0
2026-05-26T09:00,33.8,63,16.2,1004.2,0,0.0
2026-05-26T10:00,33.5,63,15.9,1003.4,0,0.0
2026-05-26T11:00,33.1,65,15.1,1003.2,0,0.0
2026-05-26T12:00,32.8,67,13.4,1003.2,0,0.0
2026-05-26T13:00,31.3,74,12.2,1003.1,2,0.0
2026-05-26T14:00,30.0,81,12.0,1003.6,5,0.0
2026-05-26T15:00,29.5,84,10.8,1004.0,1,0.0
2026-05-26T16:00,29.1,87,10.2,1004.5,1,0.0
2026-05-26T17:00,29.0,88,9.4,1005.2,0,0.0
2026-05-26T18:00,28.9,90,8.0,1005.6,0,0.0
2026-05-26T19:00,28.5,92,6.6,1005.5,1,0.0
2026-05-26T20:00,28.2,93,6.9,1005.3,2,0.0
2026-05-26T21:00,28.0,94,9.2,1005.0,2,0.0
2026-05-26T22:00,27.9,94,10.6,1004.8,15,0.0
2026-05-26T23:00,27.9,93,12.4,1004.9,23,0.0
2026-05-27T00:00,28.2,92,13.8,1005.0,30,0.0
2026-05-27T01:00,28.1,92,13.9,1005.3,33,0.0
2026-05-27T02:00,28.9,87,13.6,1006.1,27,0.0
2026-05-27T03:00,30.0,79,14.0,1006.7,20,0.0
2026-05-27T04:00,31.1,73,14.3,1007.1,26,0.0
2026-05-27T05:00,32.1,69,13.9,1007.1,8,0.0
2026-05-27T06:00,33.0,64,14.8,1007.0,1,0.0
2026-05-27T07:00,33.3,64,15.8,1006.5,0,0.0
2026-05-27T08:00,33.3,65,16.2,1005.9,1,0.0
2026-05-27T09:00,33.2,66,16.7,1005.2,0,0.0
2026-05-27T10:00,32.8,68,16.7,1004.7,0,0.0
2026-05-27T11:00,32.3,71,16.2,1004.4,0,0.0
2026-05-27T12:00,32.2,69,15.3,1004.0,0,0.0
2026-05-27T13:00,31.2,74,13.5,1004.1,0,0.0
2026-05-27T14:00,30.0,81,11.8,1004.4,0,0.0
2026-05-27T15:00,29.5,87,11.6,1004.6,0,0.0
2026-05-27T16:00,29.1,89,12.3,1004.8,2,0.0
2026-05-27T17:00,28.9,91,14.0,1005.4,13,0.0
2026-05-27T18:00,29.1,89,12.9,1005.9,16,0.0
2026-05-27T19:00,28.9,91,13.4,1005.8,17,0.0
2026-05-27T20:00,28.6,92,14.3,1005.3,15,0.0
2026-05-27T21:00,28.4,93,14.0,1005.1,33,0.0
2026-05-27T22:00,28.4,92,14.7,1004.7,20,0.0
2026-05-27T23:00,28.3,92,15.0,1004.3,15,0.0
2026-05-28T00:00,28.4,91,15.5,1004.4,23,0.0
2026-05-28T01:00,28.2,92,14.7,1004.9,38,0.0
2026-05-28T02:00,29.1,86,15.9,1005.5,27,0.0
2026-05-28T03:00,30.2,79,17.1,1005.7,18,0.0
2026-05-28T04:00,31.4,72,17.1,1006.0,35,0.0
2026-05-28T05:00,32.2,69,16.9,1006.1,49,0.0
2026-05-28T06:00,33.2,65,16.7,1006.1,13,0.0
2026-05-28T07:00,33.4,65,16.4,1005.7,21,0.0
2026-05-28T08:00,33.6,64,16.1,1005.1,38,0.0
2026-05-28T09:00,33.3,67,17.5,1004.3,19,0.0
2026-05-28T10:00,32.8,72,17.8,1003.6,18,0.0
2026-05-28T11:00,32.2,74,18.0,1003.0,13,0.0
2026-05-28T12:00,32.0,74,16.8,1002.8,13,0.0
2026-05-28T13:00,30.9,79,15.7,1002.7,9,0.0
2026-05-28T14:00,30.0,84,15.1,1003.0,2,0.0
2026-05-28T15:00,29.6,88,13.8,1003.5,9,0.0
2026-05-28T16:00,29.5,89,12.6,1004.2,24,0.0
2026-05-28T17:00,29.2,90,11.9,1004.6,5,0.0
2026-05-28T18:00,29.4,90,13.3,1004.4,2,0.0
2026-05-28T19:00,29.0,92,14.4,1003.9,14,0.0
2026-05-28T20:00,28.9,92,13.2,1003.5,7,0.0
2026-05-28T21:00,28.8,91,13.1,1003.4,6,0.0
2026-05-28T22:00,28.7,91,12.4,1003.5,16,0.0
2026-05-28T23:00,28.6,91,15.1,1003.1,8,0.0
2026-05-29T00:00,28.8,92,15.5,1003.1,11,0.0
2026-05-29T01:00,28.8,91,13.8,1003.6,2,0.0
2026-05-29T02:00,29.5,87,13.8,1004.0,5,0.0
2026-05-29T03:00,30.6,79,16.2,1004.3,29,0.0
2026-05-29T04:00,31.9,72,15.9,1004.5,79,0.0
2026-05-29T05:00,32.6,70,16.0,1004.3,38,0.0
2026-05-29T06:00,33.5,66,16.4,1004.2,19,0.0
2026-05-29T07:00,34.0,64,17.3,1003.6,2,0.0
2026-05-29T08:00,34.5,63,17.5,1002.9,0,0.0
2026-05-29T09:00,34.3,63,17.2,1002.1,0,0.0
2026-05-29T10:00,34.0,65,17.1,1001.4,0,0.0
2026-05-29T11:00,33.0,70,17.3,1000.7,4,0.0
2026-05-29T12:00,32.2,72,17.3,1000.4,2,0.0
2026-05-29T13:00,31.3,75,16.4,1000.5,6,0.0
2026-05-29T14:00,30.3,80,15.9,1000.8,1,0.0
2026-05-29T15:00,30.0,83,13.6,1001.2,1,0.0
2026-05-29T16:00,29.8,85,12.1,1001.4,0,0.0
2026-05-29T17:00,29.5,85,12.2,1001.9,0,0.0
2026-05-29T18:00,29.4,87,11.8,1001.6,0,0.0
2026-05-29T19:00,29.1,88,12.5,1001.4,0,0.0
2026-05-29T20:00,29.0,86,14.4,1001.0,0,0.0
2026-05-29T21:00,28.9,87,14.1,1000.7,0,0.0
2026-05-29T22:00,28.7,88,14.8,1000.4,0,0.0
2026-05-29T23:00,28.7,88,13.5,1000.3,0,0.0
2026-05-30T00:00,28.9,89,13.2,1000.1,0,0.0
2026-05-30T01:00,28.9,90,14.5,1000.4,0,0.0
2026-05-30T02:00,29.7,86,14.4,1001.0,0,0.0
2026-05-30T03:00,30.8,80,14.8,1001.4,0,0.0
2026-05-30T04:00,31.9,75,14.4,1001.7,4,0.0
2026-05-30T05:00,32.8,70,15.7,1001.7,0,0.0
2026-05-30T06:00,33.6,70,18.5,1001.8,0,0.0
2026-05-30T07:00,34.2,65,17.9,1001.4,0,0.0
2026-05-30T08:00,35.0,61,15.9,1001.1,0,0.0
2026-05-30T09:00,35.0,59,15.8,1000.5,0,0.0
2026-05-30T10:00,34.5,62,15.7,999.7,0,0.0
2026-05-30T11:00,33.7,65,15.4,999.4,5,0.0
2026-05-30T12:00,33.0,70,14.8,999.4,13,0.0
2026-05-30T13:00,31.4,78,15.6,999.3,1,0.0
2026-05-30T14:00,30.5,84,14.9,1000.0,1,0.0
2026-05-30T15:00,30.1,86,12.5,1000.7,0,0.0
2026-05-30T16:00,29.9,88,11.8,1001.6,7,0.0
2026-05-30T17:00,29.8,88,11.9,1002.2,0,0.0
2026-05-30T18:00,29.7,88,13.1,1002.6,5,0.0
2026-05-30T19:00,29.4,90,13.4,1002.5,10,0.0
2026-05-30T20:00,29.2,90,14.7,1002.5,13,0.0
2026-05-30T21:00,29.1,89,14.6,1002.1,21,0.0
2026-05-30T22:00,28.9,92,13.4,1001.9,10,0.0
2026-05-30T23:00,28.7,92,12.5,1002.0,4,0.0
2026-05-31T00:00,28.9,92,14.1,1001.9,11,0.0
2026-05-31T01:00,28.8,92,11.8,1002.8,15,0.0
2026-05-31T02:00,29.6,86,11.7,1003.6,27,0.0
2026-05-31T03:00,30.5,80,13.4,1004.3,33,0.0
2026-05-31T04:00,31.5,74,15.2,1004.8,64,0.1
2026-05-31T05:00,32.1,71,16.6,1004.9,59,0.2
2026-05-31T06:00,32.6,70,16.2,1005.4,52,0.2
2026-05-31T07:00,33.0,67,15.9,1005.4,60,0.2
2026-05-31T08:00,32.8,69,16.0,1005.1,54,0.1
2026-05-31T09:00,32.8,69,16.1,1004.5,61,0.1
2026-05-31T10:00,32.5,71,17.0,1003.7,58,0.1
2026-05-31T11:00,32.0,73,16.9,1003.4,41,0.1
2026-05-31T12:00,31.6,71,16.8,1003.2,41,0.1
2026-05-31T13:00,30.9,73,16.0,1003.2,62,0.0
2026-05-31T14:00,30.4,75,15.9,1003.7,61,0.1
2026-05-31T15:00,30.1,77,14.3,1004.3,57,0.1
2026-05-31T16:00,30.0,76,13.5,1005.1,49,0.1
2026-05-31T17:00,29.9,76,12.5,1005.8,47,0.2
2026-05-31T18:00,29.9,80,12.5,1005.7,24,0.1
2026-05-31T19:00,29.5,83,10.2,1005.5,12,0.0
2026-05-31T20:00,29.2,84,10.1,1005.2,14,0.0
2026-05-31T21:00,29.1,85,10.8,1004.5,12,0.0
2026-05-31T22:00,29.0,85,11.2,1004.3,15,0.0
2026-05-31T23:00,28.9,85,9.9,1004.2,18,0.0
